supply_gas,gas_balance
-0.0,0.0
-0.0,0.0
-0.0,0.0
-0.0,0.0
-0.0,0.0
-0.0,0.0
-0.0,0.0
-0.0,0.0
-0.0,0.0
-0.0,0.0
-0.0,0.0
-0.0,0.0
-0.0,0.0
-0.0,0.0
-0.0,0.0
-0.0,0.0
-0.0,0.0
-0.0,0.0
-0.0,0.0
-0.0,0.0
-0.0,0.0
-0.0,0.0
-0.0,0.0
-0.0,0.0
-0.0,0.0
-0.0,0.0
-0.0,0.0
-0.0,0.0
-0.0,0.0
-0.0,0.0
-0.0,0.0
-0.0,0.0
-0.0,0.0
-0.0,0.0
-0.0,0.0
-0.0,0.0
-0.0,0.0
-0.0,0.0
-0.0,0.0
-0.0,0.0
-0.0,0.0
-0.0,0.0
-0.0,0.0
-0.0,0.0
-0.0,0.0
-0.0,0.0
-0.0,0.0
-0.0,0.0
-0.0,0.0
-0.0,0.0
-0.0,0.0
-0.0,0.0
-0.0,0.0
-0.0,0.0
-0.0,0.0
-0.0,0.0
-0.0,0.0
-0.0,0.0
-0.0,0.0
-0.0,0.0
-0.0,0.0
-0.0,0.0
-0.0,0.0
-0.0,0.0
-0.0,0.0
-0.0,0.0
-0.0,0.0
-0.0,0.0
-0.0,0.0
-0.0,0.0
-0.0,0.0
-0.0,0.0
-0.0,0.0
-0.0,0.0
-0.0,0.0
-0.0,0.0
-0.0,0.0
-0.0,0.0
-0.0,0.0
-0.0,0.0
-0.0,0.0
-0.0,0.0
-0.0,0.0
-0.0,0.0
-0.0,0.0
-0.0,0.0
-0.0,0.0
-0.0,0.0
-0.0,0.0
-0.0,0.0
-0.0,0.0
-0.0,0.0
-0.0,0.0
-0.0,0.0
-0.0,0.0
-0.0,0.0
-0.0,0.0
-0.0,0.0
-0.0,0.0
-0.0,0.0
-0.0,0.0
-0.0,0.0
-0.0,0.0
-0.0,0.0
-0.0,0.0
-0.0,0.0
-0.0,0.0
-0.0,0.0
-0.0,0.0
-0.0,0.0
-0.0,0.0
-0.0,0.0
-0.0,0.0
-0.0,0.0
-0.0,0.0
-0.0,0.0
-0.0,0.0
-0.0,0.0
-0.0,0.0
-0.0,0.0
-0.0,0.0
-0.0,0.0
-0.0,0.0
-0.0,0.0
-0.0,0.0
-0.0,0.0
-0.0,0.0
-0.0,0.0
-0.0,0.0
-0.0,0.0
-0.0,0.0
-0.0,0.0
-0.0,0.0
-0.0,0.0
-0.0,0.0
-0.0,0.0
-0.0,0.0
-0.0,0.0
-0.0,0.0
-0.0,0.0
-0.0,0.0
-0.0,0.0
-0.0,0.0
-0.0,0.0
-0.0,0.0
-0.0,0.0
-0.0,0.0
-0.0,0.0
-0.0,0.0
-0.0,0.0
-0.0,0.0
-0.0,0.0
-0.0,0.0
-0.0,0.0
-0.0,0.0
-0.0,0.0
-0.0,0.0
-0.0,0.0
-0.0,0.0
-0.0,0.0
-0.0,0.0
-0.0,0.0
-0.0,0.0
-0.0,0.0
-0.0,0.0
-0.0,0.0
-0.0,0.0
-0.0,0.0
-0.0,0.0
-0.0,0.0
-0.0,0.0
-0.0,0.0
-0.0,0.0
-0.0,0.0
-0.0,0.0
-0.0,0.0
-0.0,0.0
-0.0,0.0
-0.0,0.0
-0.0,0.0
-0.0,0.0
-0.0,0.0
-0.0,0.0
-0.0,0.0
-0.0,0.0
-0.0,0.0
-0.0,0.0
-0.0,0.0
-0.0,0.0
-0.0,0.0
-0.0,0.0
-0.0,0.0
-0.0,0.0
-0.0,0.0
-0.0,0.0
-0.0,0.0
-0.0,0.0
-0.0,0.0
-0.0,0.0
-0.0,0.0
-0.0,0.0
-0.0,0.0
-0.0,0.0
-0.0,0.0
-0.0,0.0
-0.0,0.0
-0.0,0.0
-0.0,0.0
-0.0,0.0
-0.0,0.0
-0.0,0.0
-0.0,0.0
-0.0,0.0
-0.0,0.0
-0.0,0.0
-0.0,0.0
-0.0,0.0
-0.0,0.0
-0.0,0.0
-0.0,0.0
-0.0,0.0
-0.0,0.0
-0.0,0.0
-0.0,0.0
-0.0,0.0
-0.0,0.0
-0.0,0.0
-0.0,0.0
-0.0,0.0
-0.0,0.0
-0.0,0.0
-0.0,0.0
-0.0,0.0
-0.0,0.0
-0.0,0.0
-0.0,0.0
-0.0,0.0
-0.0,0.0
-0.0,0.0
-0.0,0.0
-0.0,0.0
-0.0,0.0
-0.0,0.0
-0.0,0.0
-0.0,0.0
-0.0,0.0
-0.0,0.0
-0.0,0.0
-0.0,0.0
-0.0,0.0
-0.0,0.0
-0.0,0.0
-0.0,0.0
-0.0,0.0
-0.0,0.0
-0.0,0.0
-0.0,0.0
-0.0,0.0
-0.0,0.0
-0.0,0.0
-0.0,0.0
-0.0,0.0
-0.0,0.0
-0.0,0.0
-0.0,0.0
-0.0,0.0
-0.0,0.0
-0.0,0.0
-0.0,0.0
-0.0,0.0
-0.0,0.0
-0.0,0.0
-0.0,0.0
-0.0,0.0
-0.0,0.0
-0.0,0.0
-0.0,0.0
-0.0,0.0
-0.0,0.0
-0.0,0.0
-0.0,0.0
-0.0,0.0
-0.0,0.0
-0.0,0.0
-0.0,0.0
-0.0,0.0
-0.0,0.0
-0.0,0.0
-0.0,0.0
-0.0,0.0
-0.0,0.0
-0.0,0.0
-0.0,0.0
-0.0,0.0
-0.0,0.0
-0.0,0.0
-0.0,0.0
-0.0,0.0
-0.0,0.0
-0.0,0.0
-0.0,0.0
-0.0,0.0
-0.0,0.0
-0.0,0.0
-0.0,0.0
-0.0,0.0
-0.0,0.0
-0.0,0.0
-0.0,0.0
-0.0,0.0
-0.0,0.0
-0.0,0.0
-0.0,0.0
-0.0,0.0
-0.0,0.0
-0.0,0.0
-0.0,0.0
-0.0,0.0
-0.0,0.0
-0.0,0.0
-0.0,0.0
-0.0,0.0
-0.0,0.0
-0.0,0.0
-0.0,0.0
-0.0,0.0
-0.0,0.0
-0.0,0.0
-0.0,0.0
-0.0,0.0
-0.0,0.0
-0.0,0.0
-0.0,0.0
-0.0,0.0
-0.0,0.0
-0.0,0.0
-0.0,0.0
-0.0,0.0
-0.0,0.0
-0.0,0.0
-0.0,0.0
-0.0,0.0
-0.0,0.0
-0.0,0.0
-0.0,0.0
-0.0,0.0
-0.0,0.0
-0.0,0.0
-0.0,0.0
-0.0,0.0
-0.0,0.0
-0.0,0.0
-0.0,0.0
-0.0,0.0
-0.0,0.0
-0.0,0.0
-0.0,0.0
-0.0,0.0
-0.0,0.0
-0.0,0.0
-0.0,0.0
-0.0,0.0
-0.0,0.0
-0.0,0.0
-0.0,0.0
-0.0,0.0
-0.0,0.0
-0.0,0.0
-0.0,0.0
-0.0,0.0
-0.0,0.0
-0.0,0.0
-0.0,0.0
-0.0,0.0
-0.0,0.0
-0.0,0.0
-0.0,0.0
-0.0,0.0
-0.0,0.0
-0.0,0.0
-0.0,0.0
-0.0,0.0
-0.0,0.0
-0.0,0.0
-0.0,0.0
-0.0,0.0
-0.0,0.0
-0.0,0.0
-0.0,0.0
-0.0,0.0
-0.0,0.0
-0.0,0.0
-0.0,0.0
-0.0,0.0
-0.0,0.0
-0.0,0.0
-0.0,0.0
-0.0,0.0
-0.0,0.0
-0.0,0.0
-0.0,0.0
-0.0,0.0
-0.0,0.0
-0.0,0.0
-0.0,0.0
-0.0,0.0
-0.0,0.0
-0.0,0.0
-0.0,0.0
-0.0,0.0
-0.0,0.0
-0.0,0.0
-0.0,0.0
-0.0,0.0
-0.0,0.0
-0.0,0.0
-0.0,0.0
-0.0,0.0
-0.0,0.0
-0.0,0.0
-0.0,0.0
-0.0,0.0
-0.0,0.0
-0.0,0.0
-0.0,0.0
-0.0,0.0
-0.0,0.0
-0.0,0.0
-0.0,0.0
-0.0,0.0
-0.0,0.0
-0.0,0.0
-0.0,0.0
-0.0,0.0
-0.0,0.0
-0.0,0.0
-0.0,0.0
-0.0,0.0
-0.0,0.0
-0.0,0.0
-0.0,0.0
-0.0,0.0
-0.0,0.0
-0.0,0.0
-0.0,0.0
-0.0,0.0
-0.0,0.0
-0.0,0.0
-0.0,0.0
-0.0,0.0
-0.0,0.0
-0.0,0.0
-0.0,0.0
-0.0,0.0
-0.0,0.0
-0.0,0.0
-0.0,0.0
-0.0,0.0
-0.0,0.0
-0.0,0.0
-0.0,0.0
-0.0,0.0
-0.0,0.0
-0.0,0.0
-0.0,0.0
-0.0,0.0
-0.0,0.0
-0.0,0.0
-0.0,0.0
-0.0,0.0
-0.0,0.0
-0.0,0.0
-0.0,0.0
-0.0,0.0
-0.0,0.0
-0.0,0.0
-0.0,0.0
-0.0,0.0
-0.0,0.0
-0.0,0.0
-0.0,0.0
-0.0,0.0
-0.0,0.0
-0.0,0.0
-0.0,0.0
-0.0,0.0
-0.0,0.0
-0.0,0.0
-0.0,0.0
-0.0,0.0
-0.0,0.0
-0.0,0.0
-0.0,0.0
-0.0,0.0
-0.0,0.0
-0.0,0.0
-0.0,0.0
-0.0,0.0
-0.0,0.0
-0.0,0.0
-0.0,0.0
-0.0,0.0
-0.0,0.0
-0.0,0.0
-0.0,0.0
-0.0,0.0
-0.0,0.0
-0.0,0.0
-0.0,0.0
-0.0,0.0
-0.0,0.0
-0.0,0.0
-0.0,0.0
-0.0,0.0
-0.0,0.0
-0.0,0.0
-0.0,0.0
-0.0,0.0
-0.0,0.0
-0.0,0.0
-0.0,0.0
-0.0,0.0
-0.0,0.0
-0.0,0.0
-0.0,0.0
-0.0,0.0
-0.0,0.0
-0.0,0.0
-0.0,0.0
-0.0,0.0
-0.0,0.0
-0.0,0.0
-0.0,0.0
-0.0,0.0
-0.0,0.0
-0.0,0.0
-0.0,0.0
-0.0,0.0
-0.0,0.0
-0.0,0.0
-0.0,0.0
-0.0,0.0
-0.0,0.0
-0.0,0.0
-0.0,0.0
-0.0,0.0
-0.0,0.0
-0.0,0.0
-0.0,0.0
-0.0,0.0
-0.0,0.0
-0.0,0.0
-0.0,0.0
-0.0,0.0
-0.0,0.0
-0.0,0.0
-0.0,0.0
-0.0,0.0
-0.0,0.0
-0.0,0.0
-0.0,0.0
-0.0,0.0
-0.0,0.0
-0.0,0.0
-0.0,0.0
-0.0,0.0
-0.0,0.0
-0.0,0.0
-0.0,0.0
-0.0,0.0
-0.0,0.0
-0.0,0.0
-0.0,0.0
-0.0,0.0
-0.0,0.0
-0.0,0.0
-0.0,0.0
-0.0,0.0
-0.0,0.0
-0.0,0.0
-0.0,0.0
-0.0,0.0
-0.0,0.0
-0.0,0.0
-0.0,0.0
-0.0,0.0
-0.0,0.0
-0.0,0.0
-0.0,0.0
-0.0,0.0
-0.0,0.0
-0.0,0.0
-0.0,0.0
-0.0,0.0
-0.0,0.0
-0.0,0.0
-0.0,0.0
-0.0,0.0
-0.0,0.0
-0.0,0.0
-0.0,0.0
-0.0,0.0
-0.0,0.0
-0.0,0.0
-0.0,0.0
-0.0,0.0
-0.0,0.0
-0.0,0.0
-0.0,0.0
-0.0,0.0
-0.0,0.0
-0.0,0.0
-0.0,0.0
-0.0,0.0
-0.0,0.0
-0.0,0.0
-0.0,0.0
-0.0,0.0
-0.0,0.0
-0.0,0.0
-0.0,0.0
-0.0,0.0
-0.0,0.0
-0.0,0.0
-0.0,0.0
-0.0,0.0
-0.0,0.0
-0.0,0.0
-0.0,0.0
-0.0,0.0
-0.0,0.0
-0.0,0.0
-0.0,0.0
-0.0,0.0
-0.0,0.0
-0.0,0.0
-0.0,0.0
-0.0,0.0
-0.0,0.0
-0.0,0.0
-0.0,0.0
-0.0,0.0
-0.0,0.0
-0.0,0.0
-0.0,0.0
-0.0,0.0
-0.0,0.0
-0.0,0.0
-0.0,0.0
-0.0,0.0
-0.0,0.0
-0.0,0.0
-0.0,0.0
-0.0,0.0
-0.0,0.0
-0.0,0.0
-0.0,0.0
-0.0,0.0
-0.0,0.0
-0.0,0.0
-0.0,0.0
-0.0,0.0
-0.0,0.0
-0.0,0.0
-0.0,0.0
-0.0,0.0
-0.0,0.0
-0.0,0.0
-0.0,0.0
-0.0,0.0
-0.0,0.0
-0.0,0.0
-0.0,0.0
-0.0,0.0
-0.0,0.0
-0.0,0.0
-0.0,0.0
-0.0,0.0
-0.0,0.0
-0.0,0.0
-0.0,0.0
-0.0,0.0
-0.0,0.0
-0.0,0.0
-0.0,0.0
-0.0,0.0
-0.0,0.0
-0.0,0.0
-0.0,0.0
-0.0,0.0
-0.0,0.0
-0.0,0.0
-0.0,0.0
-0.0,0.0
-0.0,0.0
-0.0,0.0
-0.0,0.0
-0.0,0.0
-0.0,0.0
-0.0,0.0
-0.0,0.0
-0.0,0.0
-0.0,0.0
-0.0,0.0
-0.0,0.0
-0.0,0.0
-0.0,0.0
-0.0,0.0
-0.0,0.0
-0.0,0.0
-0.0,0.0
-0.0,0.0
-0.0,0.0
-0.0,0.0
-0.0,0.0
-0.0,0.0
-0.0,0.0
-0.0,0.0
-0.0,0.0
-0.0,0.0
-0.0,0.0
-0.0,0.0
-0.0,0.0
-0.0,0.0
-0.0,0.0
-0.0,0.0
-0.0,0.0
-0.0,0.0
-0.0,0.0
-0.0,0.0
-0.0,0.0
-0.0,0.0
-0.0,0.0
-0.0,0.0
-0.0,0.0
-0.0,0.0
-0.0,0.0
-0.0,0.0
-0.0,0.0
-0.0,0.0
-0.0,0.0
-0.0,0.0
-0.0,0.0
-0.0,0.0
-0.0,0.0
-0.0,0.0
-0.0,0.0
-0.0,0.0
-0.0,0.0
-0.0,0.0
-0.0,0.0
-0.0,0.0
-0.0,0.0
-0.0,0.0
-0.0,0.0
-0.0,0.0
-0.0,0.0
-0.0,0.0
-0.0,0.0
-0.0,0.0
-0.0,0.0
-0.0,0.0
-0.0,0.0
-0.0,0.0
-0.0,0.0
-0.0,0.0
-0.0,0.0
-0.0,0.0
-0.0,0.0
-0.0,0.0
-0.0,0.0
-0.0,0.0
-0.0,0.0
-0.0,0.0
-0.0,0.0
-0.0,0.0
-0.0,0.0
-0.0,0.0
-0.0,0.0
-0.0,0.0
-0.0,0.0
-0.0,0.0
-0.0,0.0
-0.0,0.0
-0.0,0.0
-0.0,0.0
-0.0,0.0
-0.0,0.0
-0.0,0.0
-0.0,0.0
-0.0,0.0
-0.0,0.0
-0.0,0.0
-0.0,0.0
-0.0,0.0
-0.0,0.0
-0.0,0.0
-0.0,0.0
-0.0,0.0
-0.0,0.0
-0.0,0.0
-0.0,0.0
-0.0,0.0
-0.0,0.0
-0.0,0.0
-0.0,0.0
-0.0,0.0
-0.0,0.0
-0.0,0.0
-0.0,0.0
-0.0,0.0
-0.0,0.0
-0.0,0.0
-0.0,0.0
-0.0,0.0
-0.0,0.0
-0.0,0.0
-0.0,0.0
-0.0,0.0
-0.0,0.0
-0.0,0.0
-0.0,0.0
-0.0,0.0
-0.0,0.0
-0.0,0.0
-0.0,0.0
-0.0,0.0
-0.0,0.0
-0.0,0.0
-0.0,0.0
-0.0,0.0
-0.0,0.0
-0.0,0.0
-0.0,0.0
-0.0,0.0
-0.0,0.0
-0.0,0.0
-0.0,0.0
-0.0,0.0
-0.0,0.0
-0.0,0.0
-0.0,0.0
-0.0,0.0
-0.0,0.0
-0.0,0.0
-0.0,0.0
-0.0,0.0
-0.0,0.0
-0.0,0.0
-0.0,0.0
-0.0,0.0
-0.0,0.0
-0.0,0.0
-0.0,0.0
-0.0,0.0
-0.0,0.0
-0.0,0.0
-0.0,0.0
-0.0,0.0
-0.0,0.0
-0.0,0.0
-0.0,0.0
-0.0,0.0
-0.0,0.0
-0.0,0.0
-0.0,0.0
-0.0,0.0
-0.0,0.0
-0.0,0.0
-0.0,0.0
-0.0,0.0
-0.0,0.0
-0.0,0.0
-0.0,0.0
-0.0,0.0
-0.0,0.0
-0.0,0.0
-0.0,0.0
-0.0,0.0
-0.0,0.0
-0.0,0.0
-0.0,0.0
-0.0,0.0
-0.0,0.0
-0.0,0.0
-0.0,0.0
-0.0,0.0
-0.0,0.0
-0.0,0.0
-0.0,0.0
-0.0,0.0
-0.0,0.0
-0.0,0.0
-0.0,0.0
-0.0,0.0
-0.0,0.0
-0.0,0.0
-0.0,0.0
-0.0,0.0
-0.0,0.0
-0.0,0.0
-0.0,0.0
-0.0,0.0
-0.0,0.0
-0.0,0.0
-0.0,0.0
-0.0,0.0
-0.0,0.0
-0.0,0.0
-0.0,0.0
-0.0,0.0
-0.0,0.0
-0.0,0.0
-0.0,0.0
-0.0,0.0
-0.0,0.0
-0.0,0.0
-0.0,0.0
-0.0,0.0
-0.0,0.0
-0.0,0.0
-0.0,0.0
-0.0,0.0
-0.0,0.0
-0.0,0.0
-0.0,0.0
-0.0,0.0
-0.0,0.0
-0.0,0.0
-0.0,0.0
-0.0,0.0
-0.0,0.0
-0.0,0.0
-0.0,0.0
-0.0,0.0
-0.0,0.0
-0.0,0.0
-0.0,0.0
-0.0,0.0
-0.0,0.0
-0.0,0.0
-0.0,0.0
-0.0,0.0
-0.0,0.0
-0.0,0.0
-0.0,0.0
-0.0,0.0
-0.0,0.0
-0.0,0.0
-0.0,0.0
-0.0,0.0
-0.0,0.0
-0.0,0.0
-0.0,0.0
-0.0,0.0
-0.0,0.0
-0.0,0.0
-0.0,0.0
-0.0,0.0
-0.0,0.0
-0.0,0.0
-0.0,0.0
-0.0,0.0
-0.0,0.0
-0.0,0.0
-0.0,0.0
-0.0,0.0
-0.0,0.0
-0.0,0.0
-0.0,0.0
-0.0,0.0
-0.0,0.0
-0.0,0.0
-0.0,0.0
-0.0,0.0
-0.0,0.0
-0.0,0.0
-0.0,0.0
-0.0,0.0
-0.0,0.0
-0.0,0.0
-0.0,0.0
-0.0,0.0
-0.0,0.0
-0.0,0.0
-0.0,0.0
-0.0,0.0
-0.0,0.0
-0.0,0.0
-0.0,0.0
-0.0,0.0
-0.0,0.0
-0.0,0.0
-0.0,0.0
-0.0,0.0
-0.0,0.0
-0.0,0.0
-0.0,0.0
-0.0,0.0
-0.0,0.0
-0.0,0.0
-0.0,0.0
-0.0,0.0
-0.0,0.0
-0.0,0.0
-0.0,0.0
-0.0,0.0
-0.0,0.0
-0.0,0.0
-0.0,0.0
-0.0,0.0
-0.0,0.0
-0.0,0.0
-0.0,0.0
-0.0,0.0
-0.0,0.0
-0.0,0.0
-0.0,0.0
-0.0,0.0
-0.0,0.0
-0.0,0.0
-0.0,0.0
-0.0,0.0
-0.0,0.0
-0.0,0.0
-0.0,0.0
-0.0,0.0
-0.0,0.0
-0.0,0.0
-0.0,0.0
-0.0,0.0
-0.0,0.0
-0.0,0.0
-0.0,0.0
-0.0,0.0
-0.0,0.0
-0.0,0.0
-0.0,0.0
-0.0,0.0
-0.0,0.0
-0.0,0.0
-0.0,0.0
-0.0,0.0
-0.0,0.0
-0.0,0.0
-0.0,0.0
-0.0,0.0
-0.0,0.0
-0.0,0.0
-0.0,0.0
-0.0,0.0
-0.0,0.0
-0.0,0.0
-0.0,0.0
-0.0,0.0
-0.0,0.0
-0.0,0.0
-0.0,0.0
-0.0,0.0
-0.0,0.0
-0.0,0.0
-0.0,0.0
-0.0,0.0
-0.0,0.0
-0.0,0.0
-0.0,0.0
-0.0,0.0
-0.0,0.0
-0.0,0.0
-0.0,0.0
-0.0,0.0
-0.0,0.0
-0.0,0.0
-0.0,0.0
-0.0,0.0
-0.0,0.0
-0.0,0.0
-0.0,0.0
-0.0,0.0
-0.0,0.0
-0.0,0.0
-0.0,0.0
-0.0,0.0
-0.0,0.0
-0.0,0.0
-0.0,0.0
-0.0,0.0
-0.0,0.0
-0.0,0.0
-0.0,0.0
-0.0,0.0
-0.0,0.0
-0.0,0.0
-0.0,0.0
-0.0,0.0
-0.0,0.0
-0.0,0.0
-0.0,0.0
-0.0,0.0
-0.0,0.0
-0.0,0.0
-0.0,0.0
-0.0,0.0
-0.0,0.0
-0.0,0.0
-0.0,0.0
-0.0,0.0
-0.0,0.0
-0.0,0.0
-0.0,0.0
-0.0,0.0
-0.0,0.0
-0.0,0.0
-0.0,0.0
-0.0,0.0
-0.0,0.0
-0.0,0.0
-0.0,0.0
-0.0,0.0
-0.0,0.0
-0.0,0.0
-0.0,0.0
-0.0,0.0
-0.0,0.0
-0.0,0.0
-0.0,0.0
-0.0,0.0
-0.0,0.0
-0.0,0.0
-0.0,0.0
-0.0,0.0
-0.0,0.0
-0.0,0.0
-0.0,0.0
-0.0,0.0
-0.0,0.0
-0.0,0.0
-0.0,0.0
-0.0,0.0
-0.0,0.0
-0.0,0.0
-0.0,0.0
-0.0,0.0
-0.0,0.0
-0.0,0.0
-0.0,0.0
-0.0,0.0
-0.0,0.0
-0.0,0.0
-0.0,0.0
-0.0,0.0
-0.0,0.0
-0.0,0.0
-0.0,0.0
-0.0,0.0
-0.0,0.0
-0.0,0.0
-0.0,0.0
-0.0,0.0
-0.0,0.0
-0.0,0.0
-0.0,0.0
-0.0,0.0
-0.0,0.0
-0.0,0.0
-0.0,0.0
-0.0,0.0
-0.0,0.0
-0.0,0.0
-0.0,0.0
-0.0,0.0
-0.0,0.0
-0.0,0.0
-0.0,0.0
-0.0,0.0
-0.0,0.0
-0.0,0.0
-0.0,0.0
-0.0,0.0
-0.0,0.0
-0.0,0.0
-0.0,0.0
-0.0,0.0
-0.0,0.0
-0.0,0.0
-0.0,0.0
-0.0,0.0
-0.0,0.0
-0.0,0.0
-0.0,0.0
-0.0,0.0
-0.0,0.0
-0.0,0.0
-0.0,0.0
-0.0,0.0
-0.0,0.0
-0.0,0.0
-0.0,0.0
-0.0,0.0
-0.0,0.0
-0.0,0.0
-0.0,0.0
-0.0,0.0
-0.0,0.0
-0.0,0.0
-0.0,0.0
-0.0,0.0
-0.0,0.0
-0.0,0.0
-0.0,0.0
-0.0,0.0
-0.0,0.0
-0.0,0.0
-0.0,0.0
-0.0,0.0
-0.0,0.0
-0.0,0.0
-0.0,0.0
-0.0,0.0
-0.0,0.0
-0.0,0.0
-0.0,0.0
-0.0,0.0
-0.0,0.0
-0.0,0.0
-0.0,0.0
-0.0,0.0
-0.0,0.0
-0.0,0.0
-0.0,0.0
-0.0,0.0
-0.0,0.0
-0.0,0.0
-0.0,0.0
-0.0,0.0
-0.0,0.0
-0.0,0.0
-0.0,0.0
-0.0,0.0
-0.0,0.0
-0.0,0.0
-0.0,0.0
-0.0,0.0
-0.0,0.0
-0.0,0.0
-0.0,0.0
-0.0,0.0
-0.0,0.0
-0.0,0.0
-0.0,0.0
-0.0,0.0
-0.0,0.0
-0.0,0.0
-0.0,0.0
-0.0,0.0
-0.0,0.0
-0.0,0.0
-0.0,0.0
-0.0,0.0
-0.0,0.0
-0.0,0.0
-0.0,0.0
-0.0,0.0
-0.0,0.0
-0.0,0.0
-0.0,0.0
-0.0,0.0
-0.0,0.0
-0.0,0.0
-0.0,0.0
-0.0,0.0
-0.0,0.0
-0.0,0.0
-0.0,0.0
-0.0,0.0
-0.0,0.0
-0.0,0.0
-0.0,0.0
-0.0,0.0
-0.0,0.0
-0.0,0.0
-0.0,0.0
-0.0,0.0
-0.0,0.0
-0.0,0.0
-0.0,0.0
-0.0,0.0
-0.0,0.0
-0.0,0.0
-0.0,0.0
-0.0,0.0
-0.0,0.0
-0.0,0.0
-0.0,0.0
-0.0,0.0
-0.0,0.0
-0.0,0.0
-0.0,0.0
-0.0,0.0
-0.0,0.0
-0.0,0.0
-0.0,0.0
-0.0,0.0
-0.0,0.0
-0.0,0.0
-0.0,0.0
-0.0,0.0
-0.0,0.0
-0.0,0.0
-0.0,0.0
-0.0,0.0
-0.0,0.0
-0.0,0.0
-0.0,0.0
-0.0,0.0
-0.0,0.0
-0.0,0.0
-0.0,0.0
-0.0,0.0
-0.0,0.0
-0.0,0.0
-0.0,0.0
-0.0,0.0
-0.0,0.0
-0.0,0.0
-0.0,0.0
-0.0,0.0
-0.0,0.0
-0.0,0.0
-0.0,0.0
-0.0,0.0
-0.0,0.0
-0.0,0.0
-0.0,0.0
-0.0,0.0
-0.0,0.0
-0.0,0.0
-0.0,0.0
-0.0,0.0
-0.0,0.0
-0.0,0.0
-0.0,0.0
-0.0,0.0
-0.0,0.0
-0.0,0.0
-0.0,0.0
-0.0,0.0
-0.0,0.0
-0.0,0.0
-0.0,0.0
-0.0,0.0
-0.0,0.0
-0.0,0.0
-0.0,0.0
-0.0,0.0
-0.0,0.0
-0.0,0.0
-0.0,0.0
-0.0,0.0
-0.0,0.0
-0.0,0.0
-0.0,0.0
-0.0,0.0
-0.0,0.0
-0.0,0.0
-0.0,0.0
-0.0,0.0
-0.0,0.0
-0.0,0.0
-0.0,0.0
-0.0,0.0
-0.0,0.0
-0.0,0.0
-0.0,0.0
-0.0,0.0
-0.0,0.0
-0.0,0.0
-0.0,0.0
-0.0,0.0
-0.0,0.0
-0.0,0.0
-0.0,0.0
-0.0,0.0
-0.0,0.0
-0.0,0.0
-0.0,0.0
-0.0,0.0
-0.0,0.0
-0.0,0.0
-0.0,0.0
-0.0,0.0
-0.0,0.0
-0.0,0.0
-0.0,0.0
-0.0,0.0
-0.0,0.0
-0.0,0.0
-0.0,0.0
-0.0,0.0
-0.0,0.0
-0.0,0.0
-0.0,0.0
-0.0,0.0
-0.0,0.0
-0.0,0.0
-0.0,0.0
-0.0,0.0
-0.0,0.0
-0.0,0.0
-0.0,0.0
-0.0,0.0
-0.0,0.0
-0.0,0.0
-0.0,0.0
-0.0,0.0
-0.0,0.0
-0.0,0.0
-0.0,0.0
-0.0,0.0
-0.0,0.0
-0.0,0.0
-0.0,0.0
-0.0,0.0
-0.0,0.0
-0.0,0.0
-0.0,0.0
-0.0,0.0
-0.0,0.0
-0.0,0.0
-0.0,0.0
-0.0,0.0
-0.0,0.0
-0.0,0.0
-0.0,0.0
-0.0,0.0
-0.0,0.0
-0.0,0.0
-0.0,0.0
-0.0,0.0
-0.0,0.0
-0.0,0.0
-0.0,0.0
-0.0,0.0
-0.0,0.0
-0.0,0.0
-0.0,0.0
-0.0,0.0
-0.0,0.0
-0.0,0.0
-0.0,0.0
-0.0,0.0
-0.0,0.0
-0.0,0.0
-0.0,0.0
-0.0,0.0
-0.0,0.0
-0.0,0.0
-0.0,0.0
-0.0,0.0
-0.0,0.0
-0.0,0.0
-0.0,0.0
-0.0,0.0
-0.0,0.0
-0.0,0.0
-0.0,0.0
-0.0,0.0
-0.0,0.0
-0.0,0.0
-0.0,0.0
-0.0,0.0
-0.0,0.0
-0.0,0.0
-0.0,0.0
-0.0,0.0
-0.0,0.0
-0.0,0.0
-0.0,0.0
-0.0,0.0
-0.0,0.0
-0.0,0.0
-0.0,0.0
-0.0,0.0
-0.0,0.0
-0.0,0.0
-0.0,0.0
-0.0,0.0
-0.0,0.0
-0.0,0.0
-0.0,0.0
-0.0,0.0
-0.0,0.0
-0.0,0.0
-0.0,0.0
-0.0,0.0
-0.0,0.0
-0.0,0.0
-0.0,0.0
-0.0,0.0
-0.0,0.0
-0.0,0.0
-0.0,0.0
-0.0,0.0
-0.0,0.0
-0.0,0.0
-0.0,0.0
-0.0,0.0
-0.0,0.0
-0.0,0.0
-0.0,0.0
-0.0,0.0
-0.0,0.0
-0.0,0.0
-0.0,0.0
-0.0,0.0
-0.0,0.0
-0.0,0.0
-0.0,0.0
-0.0,0.0
-0.0,0.0
-0.0,0.0
-0.0,0.0
-0.0,0.0
-0.0,0.0
-0.0,0.0
-0.0,0.0
-0.0,0.0
-0.0,0.0
-0.0,0.0
-0.0,0.0
-0.0,0.0
-0.0,0.0
-0.0,0.0
-0.0,0.0
-0.0,0.0
-0.0,0.0
-0.0,0.0
-0.0,0.0
-0.0,0.0
-0.0,0.0
-0.0,0.0
-0.0,0.0
-0.0,0.0
-0.0,0.0
-0.0,0.0
-0.0,0.0
-0.0,0.0
-0.0,0.0
-0.0,0.0
-0.0,0.0
-0.0,0.0
-0.0,0.0
-0.0,0.0
-0.0,0.0
-0.0,0.0
-0.0,0.0
-0.0,0.0
-0.0,0.0
-0.0,0.0
-0.0,0.0
-0.0,0.0
-0.0,0.0
-0.0,0.0
-0.0,0.0
-0.0,0.0
-0.0,0.0
-0.0,0.0
-0.0,0.0
-0.0,0.0
-0.0,0.0
-0.0,0.0
-0.0,0.0
-0.0,0.0
-0.0,0.0
-0.0,0.0
-0.0,0.0
-0.0,0.0
-0.0,0.0
-0.0,0.0
-0.0,0.0
-0.0,0.0
-0.0,0.0
-0.0,0.0
-0.0,0.0
-0.0,0.0
-0.0,0.0
-0.0,0.0
-0.0,0.0
-0.0,0.0
-0.0,0.0
-0.0,0.0
-0.0,0.0
-0.0,0.0
-0.0,0.0
-0.0,0.0
-0.0,0.0
-0.0,0.0
-0.0,0.0
-0.0,0.0
-0.0,0.0
-0.0,0.0
-0.0,0.0
-0.0,0.0
-0.0,0.0
-0.0,0.0
-0.0,0.0
-0.0,0.0
-0.0,0.0
-0.0,0.0
-0.0,0.0
-0.0,0.0
-0.0,0.0
-0.0,0.0
-0.0,0.0
-0.0,0.0
-0.0,0.0
-0.0,0.0
-0.0,0.0
-0.0,0.0
-0.0,0.0
-0.0,0.0
-0.0,0.0
-0.0,0.0
-0.0,0.0
-0.0,0.0
-0.0,0.0
-0.0,0.0
-0.0,0.0
-0.0,0.0
-0.0,0.0
-0.0,0.0
-0.0,0.0
-0.0,0.0
-0.0,0.0
-0.0,0.0
-0.0,0.0
-0.0,0.0
-0.0,0.0
-0.0,0.0
-0.0,0.0
-0.0,0.0
-0.0,0.0
-0.0,0.0
-0.0,0.0
-0.0,0.0
-0.0,0.0
-0.0,0.0
-0.0,0.0
-0.0,0.0
-0.0,0.0
-0.0,0.0
-0.0,0.0
-0.0,0.0
-0.0,0.0
-0.0,0.0
-0.0,0.0
-0.0,0.0
-0.0,0.0
-0.0,0.0
-0.0,0.0
-0.0,0.0
-0.0,0.0
-0.0,0.0
-0.0,0.0
-0.0,0.0
-0.0,0.0
-0.0,0.0
-0.0,0.0
-0.0,0.0
-0.0,0.0
-0.0,0.0
-0.0,0.0
-0.0,0.0
-0.0,0.0
-0.0,0.0
-0.0,0.0
-0.0,0.0
-0.0,0.0
-0.0,0.0
-0.0,0.0
-0.0,0.0
-0.0,0.0
-0.0,0.0
-0.0,0.0
-0.0,0.0
-0.0,0.0
-0.0,0.0
-0.0,0.0
-0.0,0.0
-0.0,0.0
-0.0,0.0
-0.0,0.0
-0.0,0.0
-0.0,0.0
-0.0,0.0
-0.0,0.0
-0.0,0.0
-0.0,0.0
-0.0,0.0
-0.0,0.0
-0.0,0.0
-0.0,0.0
-0.0,0.0
-0.0,0.0
-0.0,0.0
-0.0,0.0
-0.0,0.0
-0.0,0.0
-0.0,0.0
-0.0,0.0
-0.0,0.0
-0.0,0.0
-0.0,0.0
-0.0,0.0
-0.0,0.0
-0.0,0.0
-0.0,0.0
-0.0,0.0
-0.0,0.0
-0.0,0.0
-0.0,0.0
-0.0,0.0
-0.0,0.0
-0.0,0.0
-0.0,0.0
-0.0,0.0
-0.0,0.0
-0.0,0.0
-0.0,0.0
-0.0,0.0
-0.0,0.0
-0.0,0.0
-0.0,0.0
-0.0,0.0
-0.0,0.0
-0.0,0.0
-0.0,0.0
-0.0,0.0
-0.0,0.0
-0.0,0.0
-0.0,0.0
-0.0,0.0
-0.0,0.0
-0.0,0.0
-0.0,0.0
-0.0,0.0
-0.0,0.0
-0.0,0.0
-0.0,0.0
-0.0,0.0
-0.0,0.0
-0.0,0.0
-0.0,0.0
-0.0,0.0
-0.0,0.0
-0.0,0.0
-0.0,0.0
-0.0,0.0
-0.0,0.0
-0.0,0.0
-0.0,0.0
-0.0,0.0
-0.0,0.0
-0.0,0.0
-0.0,0.0
-0.0,0.0
-0.0,0.0
-0.0,0.0
-0.0,0.0
-0.0,0.0
-0.0,0.0
-0.0,0.0
-0.0,0.0
-0.0,0.0
-0.0,0.0
-0.0,0.0
-0.0,0.0
-0.0,0.0
-0.0,0.0
-0.0,0.0
-0.0,0.0
-0.0,0.0
-0.0,0.0
-0.0,0.0
-0.0,0.0
-0.0,0.0
-0.0,0.0
-0.0,0.0
-0.0,0.0
-0.0,0.0
-0.0,0.0
-0.0,0.0
-0.0,0.0
-0.0,0.0
-0.0,0.0
-0.0,0.0
-0.0,0.0
-0.0,0.0
-0.0,0.0
-0.0,0.0
-0.0,0.0
-0.0,0.0
-0.0,0.0
-0.0,0.0
-0.0,0.0
-0.0,0.0
-0.0,0.0
-0.0,0.0
-0.0,0.0
-0.0,0.0
-0.0,0.0
-0.0,0.0
-0.0,0.0
-0.0,0.0
-0.0,0.0
-0.0,0.0
-0.0,0.0
-0.0,0.0
-0.0,0.0
-0.0,0.0
-0.0,0.0
-0.0,0.0
-0.0,0.0
-0.0,0.0
-0.0,0.0
-0.0,0.0
-0.0,0.0
-0.0,0.0
-0.0,0.0
-0.0,0.0
-0.0,0.0
-0.0,0.0
-0.0,0.0
-0.0,0.0
-0.0,0.0
-0.0,0.0
-0.0,0.0
-0.0,0.0
-0.0,0.0
-0.0,0.0
-0.0,0.0
-0.0,0.0
-0.0,0.0
-0.0,0.0
-0.0,0.0
-0.0,0.0
-0.0,0.0
-0.0,0.0
-0.0,0.0
-0.0,0.0
-0.0,0.0
-0.0,0.0
-0.0,0.0
-0.0,0.0
-0.0,0.0
-0.0,0.0
-0.0,0.0
-0.0,0.0
-0.0,0.0
-0.0,0.0
-0.0,0.0
-0.0,0.0
-0.0,0.0
-0.0,0.0
-0.0,0.0
-0.0,0.0
-0.0,0.0
-0.0,0.0
-0.0,0.0
-0.0,0.0
-0.0,0.0
-0.0,0.0
-0.0,0.0
-0.0,0.0
-0.0,0.0
-0.0,0.0
-0.0,0.0
-0.0,0.0
-0.0,0.0
-0.0,0.0
-0.0,0.0
-0.0,0.0
-0.0,0.0
-0.0,0.0
-0.0,0.0
-0.0,0.0
-0.0,0.0
-0.0,0.0
-0.0,0.0
-0.0,0.0
-0.0,0.0
-0.0,0.0
-0.0,0.0
-0.0,0.0
-0.0,0.0
-0.0,0.0
-0.0,0.0
-0.0,0.0
-0.0,0.0
-0.0,0.0
-0.0,0.0
-0.0,0.0
-0.0,0.0
-0.0,0.0
-0.0,0.0
-0.0,0.0
-0.0,0.0
-0.0,0.0
-0.0,0.0
-0.0,0.0
-0.0,0.0
-0.0,0.0
-0.0,0.0
-0.0,0.0
-0.0,0.0
-0.0,0.0
-0.0,0.0
-0.0,0.0
-0.0,0.0
-0.0,0.0
-0.0,0.0
-0.0,0.0
-0.0,0.0
-0.0,0.0
-0.0,0.0
-0.0,0.0
-0.0,0.0
-0.0,0.0
-0.0,0.0
-0.0,0.0
-0.0,0.0
-0.0,0.0
-0.0,0.0
-0.0,0.0
-0.0,0.0
-0.0,0.0
-0.0,0.0
-0.0,0.0
-0.0,0.0
-0.0,0.0
-0.0,0.0
-0.0,0.0
-0.0,0.0
-0.0,0.0
-0.0,0.0
-0.0,0.0
-0.0,0.0
-0.0,0.0
-0.0,0.0
-0.0,0.0
-0.0,0.0
-0.0,0.0
-0.0,0.0
-0.0,0.0
-0.0,0.0
-0.0,0.0
-0.0,0.0
-0.0,0.0
-0.0,0.0
-0.0,0.0
-0.0,0.0
-0.0,0.0
-0.0,0.0
-0.0,0.0
-0.0,0.0
-0.0,0.0
-0.0,0.0
-0.0,0.0
-0.0,0.0
-0.0,0.0
-0.0,0.0
-0.0,0.0
-0.0,0.0
-0.0,0.0
-0.0,0.0
-0.0,0.0
-0.0,0.0
-0.0,0.0
-0.0,0.0
-0.0,0.0
-0.0,0.0
-0.0,0.0
-0.0,0.0
-0.0,0.0
-0.0,0.0
-0.0,0.0
-0.0,0.0
-0.0,0.0
-0.0,0.0
-0.0,0.0
-0.0,0.0
-0.0,0.0
-0.0,0.0
-0.0,0.0
-0.0,0.0
-0.0,0.0
-0.0,0.0
-0.0,0.0
-0.0,0.0
-0.0,0.0
-0.0,0.0
-0.0,0.0
-0.0,0.0
-0.0,0.0
-0.0,0.0
-0.0,0.0
-0.0,0.0
-0.0,0.0
-0.0,0.0
-0.0,0.0
-0.0,0.0
-0.0,0.0
-0.0,0.0
-0.0,0.0
-0.0,0.0
-0.0,0.0
-0.0,0.0
-0.0,0.0
-0.0,0.0
-0.0,0.0
-0.0,0.0
-0.0,0.0
-0.0,0.0
-0.0,0.0
-0.0,0.0
-0.0,0.0
-0.0,0.0
-0.0,0.0
-0.0,0.0
-0.0,0.0
-0.0,0.0
-0.0,0.0
-0.0,0.0
-0.0,0.0
-0.0,0.0
-0.0,0.0
-0.0,0.0
-0.0,0.0
-0.0,0.0
-0.0,0.0
-0.0,0.0
-0.0,0.0
-0.0,0.0
-0.0,0.0
-0.0,0.0
-0.0,0.0
-0.0,0.0
-0.0,0.0
-0.0,0.0
-0.0,0.0
-0.0,0.0
-0.0,0.0
-0.0,0.0
-0.0,0.0
-0.0,0.0
-0.0,0.0
-0.0,0.0
-0.0,0.0
-0.0,0.0
-0.0,0.0
-0.0,0.0
-0.0,0.0
-0.0,0.0
-0.0,0.0
-0.0,0.0
-0.0,0.0
-0.0,0.0
-0.0,0.0
-0.0,0.0
-0.0,0.0
-0.0,0.0
-0.0,0.0
-0.0,0.0
-0.0,0.0
-0.0,0.0
-0.0,0.0
-0.0,0.0
-0.0,0.0
-0.0,0.0
-0.0,0.0
-0.0,0.0
-0.0,0.0
-0.0,0.0
-0.0,0.0
-0.0,0.0
-0.0,0.0
-0.0,0.0
-0.0,0.0
-0.0,0.0
-0.0,0.0
-0.0,0.0
-0.0,0.0
-0.0,0.0
-0.0,0.0
-0.0,0.0
-0.0,0.0
-0.0,0.0
-0.0,0.0
-0.0,0.0
-0.0,0.0
-0.0,0.0
-0.0,0.0
-0.0,0.0
-0.0,0.0
-0.0,0.0
-0.0,0.0
-0.0,0.0
-0.0,0.0
-0.0,0.0
-0.0,0.0
-0.0,0.0
-0.0,0.0
-0.0,0.0
-0.0,0.0
-0.0,0.0
-0.0,0.0
-0.0,0.0
-0.0,0.0
-0.0,0.0
-0.0,0.0
-0.0,0.0
-0.0,0.0
-0.0,0.0
-0.0,0.0
-0.0,0.0
-0.0,0.0
-0.0,0.0
-0.0,0.0
-0.0,0.0
-0.0,0.0
-0.0,0.0
-0.0,0.0
-0.0,0.0
-0.0,0.0
-0.0,0.0
-0.0,0.0
-0.0,0.0
-0.0,0.0
-0.0,0.0
-0.0,0.0
-0.0,0.0
-0.0,0.0
-0.0,0.0
-0.0,0.0
-0.0,0.0
-0.0,0.0
-0.0,0.0
-0.0,0.0
-0.0,0.0
-0.0,0.0
-0.0,0.0
-0.0,0.0
-0.0,0.0
-0.0,0.0
-0.0,0.0
-0.0,0.0
-0.0,0.0
-0.0,0.0
-0.0,0.0
-0.0,0.0
-0.0,0.0
-0.0,0.0
-0.0,0.0
-0.0,0.0
-0.0,0.0
-0.0,0.0
-0.0,0.0
-0.0,0.0
-0.0,0.0
-0.0,0.0
-0.0,0.0
-0.0,0.0
-0.0,0.0
-0.0,0.0
-0.0,0.0
-0.0,0.0
-0.0,0.0
-0.0,0.0
-0.0,0.0
-0.0,0.0
-0.0,0.0
-0.0,0.0
-0.0,0.0
-0.0,0.0
-0.0,0.0
-0.0,0.0
-0.0,0.0
-0.0,0.0
-0.0,0.0
-0.0,0.0
-0.0,0.0
-0.0,0.0
-0.0,0.0
-0.0,0.0
-0.0,0.0
-0.0,0.0
-0.0,0.0
-0.0,0.0
-0.0,0.0
-0.0,0.0
-0.0,0.0
-0.0,0.0
-0.0,0.0
-0.0,0.0
-0.0,0.0
-0.0,0.0
-0.0,0.0
-0.0,0.0
-0.0,0.0
-0.0,0.0
-0.0,0.0
-0.0,0.0
-0.0,0.0
-0.0,0.0
-0.0,0.0
-0.0,0.0
-0.0,0.0
-0.0,0.0
-0.0,0.0
-0.0,0.0
-0.0,0.0
-0.0,0.0
-0.0,0.0
-0.0,0.0
-0.0,0.0
-0.0,0.0
-0.0,0.0
-0.0,0.0
-0.0,0.0
-0.0,0.0
-0.0,0.0
-0.0,0.0
-0.0,0.0
-0.0,0.0
-0.0,0.0
-0.0,0.0
-0.0,0.0
-0.0,0.0
-0.0,0.0
-0.0,0.0
-0.0,0.0
-0.0,0.0
-0.0,0.0
-0.0,0.0
-0.0,0.0
-0.0,0.0
-0.0,0.0
-0.0,0.0
-0.0,0.0
-0.0,0.0
-0.0,0.0
-0.0,0.0
-0.0,0.0
-0.0,0.0
-0.0,0.0
-0.0,0.0
-0.0,0.0
-0.0,0.0
-0.0,0.0
-0.0,0.0
-0.0,0.0
-0.0,0.0
-0.0,0.0
-0.0,0.0
-0.0,0.0
-0.0,0.0
-0.0,0.0
-0.0,0.0
-0.0,0.0
-0.0,0.0
-0.0,0.0
-0.0,0.0
-0.0,0.0
-0.0,0.0
-0.0,0.0
-0.0,0.0
-0.0,0.0
-0.0,0.0
-0.0,0.0
-0.0,0.0
-0.0,0.0
-0.0,0.0
-0.0,0.0
-0.0,0.0
-0.0,0.0
-0.0,0.0
-0.0,0.0
-0.0,0.0
-0.0,0.0
-0.0,0.0
-0.0,0.0
-0.0,0.0
-0.0,0.0
-0.0,0.0
-0.0,0.0
-0.0,0.0
-0.0,0.0
-0.0,0.0
-0.0,0.0
-0.0,0.0
-0.0,0.0
-0.0,0.0
-0.0,0.0
-0.0,0.0
-0.0,0.0
-0.0,0.0
-0.0,0.0
-0.0,0.0
-0.0,0.0
-0.0,0.0
-0.0,0.0
-0.0,0.0
-0.0,0.0
-0.0,0.0
-0.0,0.0
-0.0,0.0
-0.0,0.0
-0.0,0.0
-0.0,0.0
-0.0,0.0
-0.0,0.0
-0.0,0.0
-0.0,0.0
-0.0,0.0
-0.0,0.0
-0.0,0.0
-0.0,0.0
-0.0,0.0
-0.0,0.0
-0.0,0.0
-0.0,0.0
-0.0,0.0
-0.0,0.0
-0.0,0.0
-0.0,0.0
-0.0,0.0
-0.0,0.0
-0.0,0.0
-0.0,0.0
-0.0,0.0
-0.0,0.0
-0.0,0.0
-0.0,0.0
-0.0,0.0
-0.0,0.0
-0.0,0.0
-0.0,0.0
-0.0,0.0
-0.0,0.0
-0.0,0.0
-0.0,0.0
-0.0,0.0
-0.0,0.0
-0.0,0.0
-0.0,0.0
-0.0,0.0
-0.0,0.0
-0.0,0.0
-0.0,0.0
-0.0,0.0
-0.0,0.0
-0.0,0.0
-0.0,0.0
-0.0,0.0
-0.0,0.0
-0.0,0.0
-0.0,0.0
-0.0,0.0
-0.0,0.0
-0.0,0.0
-0.0,0.0
-0.0,0.0
-0.0,0.0
-0.0,0.0
-0.0,0.0
-0.0,0.0
-0.0,0.0
-0.0,0.0
-0.0,0.0
-0.0,0.0
-0.0,0.0
-0.0,0.0
-0.0,0.0
-0.0,0.0
-0.0,0.0
-0.0,0.0
-0.0,0.0
-0.0,0.0
-0.0,0.0
-0.0,0.0
-0.0,0.0
-0.0,0.0
-0.0,0.0
-0.0,0.0
-0.0,0.0
-0.0,0.0
-0.0,0.0
-0.0,0.0
-0.0,0.0
-0.0,0.0
-0.0,0.0
-0.0,0.0
-0.0,0.0
-0.0,0.0
-0.0,0.0
-0.0,0.0
-0.0,0.0
-0.0,0.0
-0.0,0.0
-0.0,0.0
-0.0,0.0
-0.0,0.0
-0.0,0.0
-0.0,0.0
-0.0,0.0
-0.0,0.0
-0.0,0.0
-0.0,0.0
-0.0,0.0
-0.0,0.0
-0.0,0.0
-0.0,0.0
-0.0,0.0
-0.0,0.0
-0.0,0.0
-0.0,0.0
-0.0,0.0
-0.0,0.0
-0.0,0.0
-0.0,0.0
-0.0,0.0
-0.0,0.0
-0.0,0.0
-0.0,0.0
-0.0,0.0
-0.0,0.0
-0.0,0.0
-0.0,0.0
-0.0,0.0
-0.0,0.0
-0.0,0.0
-0.0,0.0
-0.0,0.0
-0.0,0.0
-0.0,0.0
-0.0,0.0
-0.0,0.0
-0.0,0.0
-0.0,0.0
-0.0,0.0
-0.0,0.0
-0.0,0.0
-0.0,0.0
-0.0,0.0
-0.0,0.0
-0.0,0.0
-0.0,0.0
-0.0,0.0
-0.0,0.0
-0.0,0.0
-0.0,0.0
-0.0,0.0
-0.0,0.0
-0.0,0.0
-0.0,0.0
-0.0,0.0
-0.0,0.0
-0.0,0.0
-0.0,0.0
-0.0,0.0
-0.0,0.0
-0.0,0.0
-0.0,0.0
-0.0,0.0
-0.0,0.0
-0.0,0.0
-0.0,0.0
-0.0,0.0
-0.0,0.0
-0.0,0.0
-0.0,0.0
-0.0,0.0
-0.0,0.0
-0.0,0.0
-0.0,0.0
-0.0,0.0
-0.0,0.0
-0.0,0.0
-0.0,0.0
-0.0,0.0
-0.0,0.0
-0.0,0.0
-0.0,0.0
-0.0,0.0
-0.0,0.0
-0.0,0.0
-0.0,0.0
-0.0,0.0
-0.0,0.0
-0.0,0.0
-0.0,0.0
-0.0,0.0
-0.0,0.0
-0.0,0.0
-0.0,0.0
-0.0,0.0
-0.0,0.0
-0.0,0.0
-0.0,0.0
-0.0,0.0
-0.0,0.0
-0.0,0.0
-0.0,0.0
-0.0,0.0
-0.0,0.0
-0.0,0.0
-0.0,0.0
-0.0,0.0
-0.0,0.0
-0.0,0.0
-0.0,0.0
-0.0,0.0
-0.0,0.0
-0.0,0.0
-0.0,0.0
-0.0,0.0
-0.0,0.0
-0.0,0.0
-0.0,0.0
-0.0,0.0
-0.0,0.0
-0.0,0.0
-0.0,0.0
-0.0,0.0
-0.0,0.0
-0.0,0.0
-0.0,0.0
-0.0,0.0
-0.0,0.0
-0.0,0.0
-0.0,0.0
-0.0,0.0
-0.0,0.0
-0.0,0.0
-0.0,0.0
-0.0,0.0
-0.0,0.0
-0.0,0.0
-0.0,0.0
-0.0,0.0
-0.0,0.0
-0.0,0.0
-0.0,0.0
-0.0,0.0
-0.0,0.0
-0.0,0.0
-0.0,0.0
-0.0,0.0
-0.0,0.0
-0.0,0.0
-0.0,0.0
-0.0,0.0
-0.0,0.0
-0.0,0.0
-0.0,0.0
-0.0,0.0
-0.0,0.0
-0.0,0.0
-0.0,0.0
-0.0,0.0
-0.0,0.0
-0.0,0.0
-0.0,0.0
-0.0,0.0
-0.0,0.0
-0.0,0.0
-0.0,0.0
-0.0,0.0
-0.0,0.0
-0.0,0.0
-0.0,0.0
-0.0,0.0
-0.0,0.0
-0.0,0.0
-0.0,0.0
-0.0,0.0
-0.0,0.0
-0.0,0.0
-0.0,0.0
-0.0,0.0
-0.0,0.0
-0.0,0.0
-0.0,0.0
-0.0,0.0
-0.0,0.0
-0.0,0.0
-0.0,0.0
-0.0,0.0
-0.0,0.0
-0.0,0.0
-0.0,0.0
-0.0,0.0
-0.0,0.0
-0.0,0.0
-0.0,0.0
-0.0,0.0
-0.0,0.0
-0.0,0.0
-0.0,0.0
-0.0,0.0
-0.0,0.0
-0.0,0.0
-0.0,0.0
-0.0,0.0
-0.0,0.0
-0.0,0.0
-0.0,0.0
-0.0,0.0
-0.0,0.0
-0.0,0.0
-0.0,0.0
-0.0,0.0
-0.0,0.0
-0.0,0.0
-0.0,0.0
-0.0,0.0
-0.0,0.0
-0.0,0.0
-0.0,0.0
-0.0,0.0
-0.0,0.0
-0.0,0.0
-0.0,0.0
-0.0,0.0
-0.0,0.0
-0.0,0.0
-0.0,0.0
-0.0,0.0
-0.0,0.0
-0.0,0.0
-0.0,0.0
-0.0,0.0
-0.0,0.0
-0.0,0.0
-0.0,0.0
-0.0,0.0
-0.0,0.0
-0.0,0.0
-0.0,0.0
-0.0,0.0
-0.0,0.0
-0.0,0.0
-0.0,0.0
-0.0,0.0
-0.0,0.0
-0.0,0.0
-0.0,0.0
-0.0,0.0
-0.0,0.0
-0.0,0.0
-0.0,0.0
-0.0,0.0
-0.0,0.0
-0.0,0.0
-0.0,0.0
-0.0,0.0
-0.0,0.0
-0.0,0.0
-0.0,0.0
-0.0,0.0
-0.0,0.0
-0.0,0.0
-0.0,0.0
-0.0,0.0
-0.0,0.0
-0.0,0.0
-0.0,0.0
-0.0,0.0
-0.0,0.0
-0.0,0.0
-0.0,0.0
-0.0,0.0
-0.0,0.0
-0.0,0.0
-0.0,0.0
-0.0,0.0
-0.0,0.0
-0.0,0.0
-0.0,0.0
-0.0,0.0
-0.0,0.0
-0.0,0.0
-0.0,0.0
-0.0,0.0
-0.0,0.0
-0.0,0.0
-0.0,0.0
-0.0,0.0
-0.0,0.0
-0.0,0.0
-0.0,0.0
-0.0,0.0
-0.0,0.0
-0.0,0.0
-0.0,0.0
-0.0,0.0
-0.0,0.0
-0.0,0.0
-0.0,0.0
-0.0,0.0
-0.0,0.0
-0.0,0.0
-0.0,0.0
-0.0,0.0
-0.0,0.0
-0.0,0.0
-0.0,0.0
-0.0,0.0
-0.0,0.0
-0.0,0.0
-0.0,0.0
-0.0,0.0
-0.0,0.0
-0.0,0.0
-0.0,0.0
-0.0,0.0
-0.0,0.0
-0.0,0.0
-0.0,0.0
-0.0,0.0
-0.0,0.0
-0.0,0.0
-0.0,0.0
-0.0,0.0
-0.0,0.0
-0.0,0.0
-0.0,0.0
-0.0,0.0
-0.0,0.0
-0.0,0.0
-0.0,0.0
-0.0,0.0
-0.0,0.0
-0.0,0.0
-0.0,0.0
-0.0,0.0
-0.0,0.0
-0.0,0.0
-0.0,0.0
-0.0,0.0
-0.0,0.0
-0.0,0.0
-0.0,0.0
-0.0,0.0
-0.0,0.0
-0.0,0.0
-0.0,0.0
-0.0,0.0
-0.0,0.0
-0.0,0.0
-0.0,0.0
-0.0,0.0
-0.0,0.0
-0.0,0.0
-0.0,0.0
-0.0,0.0
-0.0,0.0
-0.0,0.0
-0.0,0.0
-0.0,0.0
-0.0,0.0
-0.0,0.0
-0.0,0.0
-0.0,0.0
-0.0,0.0
-0.0,0.0
-0.0,0.0
-0.0,0.0
-0.0,0.0
-0.0,0.0
-0.0,0.0
-0.0,0.0
-0.0,0.0
-0.0,0.0
-0.0,0.0
-0.0,0.0
-0.0,0.0
-0.0,0.0
-0.0,0.0
-0.0,0.0
-0.0,0.0
-0.0,0.0
-0.0,0.0
-0.0,0.0
-0.0,0.0
-0.0,0.0
-0.0,0.0
-0.0,0.0
-0.0,0.0
-0.0,0.0
-0.0,0.0
-0.0,0.0
-0.0,0.0
-0.0,0.0
-0.0,0.0
-0.0,0.0
-0.0,0.0
-0.0,0.0
-0.0,0.0
-0.0,0.0
-0.0,0.0
-0.0,0.0
-0.0,0.0
-0.0,0.0
-0.0,0.0
-0.0,0.0
-0.0,0.0
-0.0,0.0
-0.0,0.0
-0.0,0.0
-0.0,0.0
-0.0,0.0
-0.0,0.0
-0.0,0.0
-0.0,0.0
-0.0,0.0
-0.0,0.0
-0.0,0.0
-0.0,0.0
-0.0,0.0
-0.0,0.0
-0.0,0.0
-0.0,0.0
-0.0,0.0
-0.0,0.0
-0.0,0.0
-0.0,0.0
-0.0,0.0
-0.0,0.0
-0.0,0.0
-0.0,0.0
-0.0,0.0
-0.0,0.0
-0.0,0.0
-0.0,0.0
-0.0,0.0
-0.0,0.0
-0.0,0.0
-0.0,0.0
-0.0,0.0
-0.0,0.0
-0.0,0.0
-0.0,0.0
-0.0,0.0
-0.0,0.0
-0.0,0.0
-0.0,0.0
-0.0,0.0
-0.0,0.0
-0.0,0.0
-0.0,0.0
-0.0,0.0
-0.0,0.0
-0.0,0.0
-0.0,0.0
-0.0,0.0
-0.0,0.0
-0.0,0.0
-0.0,0.0
-0.0,0.0
-0.0,0.0
-0.0,0.0
-0.0,0.0
-0.0,0.0
-0.0,0.0
-0.0,0.0
-0.0,0.0
-0.0,0.0
-0.0,0.0
-0.0,0.0
-0.0,0.0
-0.0,0.0
-0.0,0.0
-0.0,0.0
-0.0,0.0
-0.0,0.0
-0.0,0.0
-0.0,0.0
-0.0,0.0
-0.0,0.0
-0.0,0.0
-0.0,0.0
-0.0,0.0
-0.0,0.0
-0.0,0.0
-0.0,0.0
-0.0,0.0
-0.0,0.0
-0.0,0.0
-0.0,0.0
-0.0,0.0
-0.0,0.0
-0.0,0.0
-0.0,0.0
-0.0,0.0
-0.0,0.0
-0.0,0.0
-0.0,0.0
-0.0,0.0
-0.0,0.0
-0.0,0.0
-0.0,0.0
-0.0,0.0
-0.0,0.0
-0.0,0.0
-0.0,0.0
-0.0,0.0
-0.0,0.0
-0.0,0.0
-0.0,0.0
-0.0,0.0
-0.0,0.0
-0.0,0.0
-0.0,0.0
-0.0,0.0
-0.0,0.0
-0.0,0.0
-0.0,0.0
-0.0,0.0
-0.0,0.0
-0.0,0.0
-0.0,0.0
-0.0,0.0
-0.0,0.0
-0.0,0.0
-0.0,0.0
-0.0,0.0
-0.0,0.0
-0.0,0.0
-0.0,0.0
-0.0,0.0
-0.0,0.0
-0.0,0.0
-0.0,0.0
-0.0,0.0
-0.0,0.0
-0.0,0.0
-0.0,0.0
-0.0,0.0
-0.0,0.0
-0.0,0.0
-0.0,0.0
-0.0,0.0
-0.0,0.0
-0.0,0.0
-0.0,0.0
-0.0,0.0
-0.0,0.0
-0.0,0.0
-0.0,0.0
-0.0,0.0
-0.0,0.0
-0.0,0.0
-0.0,0.0
-0.0,0.0
-0.0,0.0
-0.0,0.0
-0.0,0.0
-0.0,0.0
-0.0,0.0
-0.0,0.0
-0.0,0.0
-0.0,0.0
-0.0,0.0
-0.0,0.0
-0.0,0.0
-0.0,0.0
-0.0,0.0
-0.0,0.0
-0.0,0.0
-0.0,0.0
-0.0,0.0
-0.0,0.0
-0.0,0.0
-0.0,0.0
-0.0,0.0
-0.0,0.0
-0.0,0.0
-0.0,0.0
-0.0,0.0
-0.0,0.0
-0.0,0.0
-0.0,0.0
-0.0,0.0
-0.0,0.0
-0.0,0.0
-0.0,0.0
-0.0,0.0
-0.0,0.0
-0.0,0.0
-0.0,0.0
-0.0,0.0
-0.0,0.0
-0.0,0.0
-0.0,0.0
-0.0,0.0
-0.0,0.0
-0.0,0.0
-0.0,0.0
-0.0,0.0
-0.0,0.0
-0.0,0.0
-0.0,0.0
-0.0,0.0
-0.0,0.0
-0.0,0.0
-0.0,0.0
-0.0,0.0
-0.0,0.0
-0.0,0.0
-0.0,0.0
-0.0,0.0
-0.0,0.0
-0.0,0.0
-0.0,0.0
-0.0,0.0
-0.0,0.0
-0.0,0.0
-0.0,0.0
-0.0,0.0
-0.0,0.0
-0.0,0.0
-0.0,0.0
-0.0,0.0
-0.0,0.0
-0.0,0.0
-0.0,0.0
-0.0,0.0
-0.0,0.0
-0.0,0.0
-0.0,0.0
-0.0,0.0
-0.0,0.0
-0.0,0.0
-0.0,0.0
-0.0,0.0
-0.0,0.0
-0.0,0.0
-0.0,0.0
-0.0,0.0
-0.0,0.0
-0.0,0.0
-0.0,0.0
-0.0,0.0
-0.0,0.0
-0.0,0.0
-0.0,0.0
-0.0,0.0
-0.0,0.0
-0.0,0.0
-0.0,0.0
-0.0,0.0
-0.0,0.0
-0.0,0.0
-0.0,0.0
-0.0,0.0
-0.0,0.0
-0.0,0.0
-0.0,0.0
-0.0,0.0
-0.0,0.0
-0.0,0.0
-0.0,0.0
-0.0,0.0
-0.0,0.0
-0.0,0.0
-0.0,0.0
-0.0,0.0
-0.0,0.0
-0.0,0.0
-0.0,0.0
-0.0,0.0
-0.0,0.0
-0.0,0.0
-0.0,0.0
-0.0,0.0
-0.0,0.0
-0.0,0.0
-0.0,0.0
-0.0,0.0
-0.0,0.0
-0.0,0.0
-0.0,0.0
-0.0,0.0
-0.0,0.0
-0.0,0.0
-0.0,0.0
-0.0,0.0
-0.0,0.0
-0.0,0.0
-0.0,0.0
-0.0,0.0
-0.0,0.0
-0.0,0.0
-0.0,0.0
-0.0,0.0
-0.0,0.0
-0.0,0.0
-0.0,0.0
-0.0,0.0
-0.0,0.0
-0.0,0.0
-0.0,0.0
-0.0,0.0
-0.0,0.0
-0.0,0.0
-0.0,0.0
-0.0,0.0
-0.0,0.0
-0.0,0.0
-0.0,0.0
-0.0,0.0
-0.0,0.0
-0.0,0.0
-0.0,0.0
-0.0,0.0
-0.0,0.0
-0.0,0.0
-0.0,0.0
-0.0,0.0
-0.0,0.0
-0.0,0.0
-0.0,0.0
-0.0,0.0
-0.0,0.0
-0.0,0.0
-0.0,0.0
-0.0,0.0
-0.0,0.0
-0.0,0.0
-0.0,0.0
-0.0,0.0
-0.0,0.0
-0.0,0.0
-0.0,0.0
-0.0,0.0
-0.0,0.0
-0.0,0.0
-0.0,0.0
-0.0,0.0
-0.0,0.0
-0.0,0.0
-0.0,0.0
-0.0,0.0
-0.0,0.0
-0.0,0.0
-0.0,0.0
-0.0,0.0
-0.0,0.0
-0.0,0.0
-0.0,0.0
-0.0,0.0
-0.0,0.0
-0.0,0.0
-0.0,0.0
-0.0,0.0
-0.0,0.0
-0.0,0.0
-0.0,0.0
-0.0,0.0
-0.0,0.0
-0.0,0.0
-0.0,0.0
-0.0,0.0
-0.0,0.0
-0.0,0.0
-0.0,0.0
-0.0,0.0
-0.0,0.0
-0.0,0.0
-0.0,0.0
-0.0,0.0
-0.0,0.0
-0.0,0.0
-0.0,0.0
-0.0,0.0
-0.0,0.0
-0.0,0.0
-0.0,0.0
-0.0,0.0
-0.0,0.0
-0.0,0.0
-0.0,0.0
-0.0,0.0
-0.0,0.0
-0.0,0.0
-0.0,0.0
-0.0,0.0
-0.0,0.0
-0.0,0.0
-0.0,0.0
-0.0,0.0
-0.0,0.0
-0.0,0.0
-0.0,0.0
-0.0,0.0
-0.0,0.0
-0.0,0.0
-0.0,0.0
-0.0,0.0
-0.0,0.0
-0.0,0.0
-0.0,0.0
-0.0,0.0
-0.0,0.0
-0.0,0.0
-0.0,0.0
-0.0,0.0
-0.0,0.0
-0.0,0.0
-0.0,0.0
-0.0,0.0
-0.0,0.0
-0.0,0.0
-0.0,0.0
-0.0,0.0
-0.0,0.0
-0.0,0.0
-0.0,0.0
-0.0,0.0
-0.0,0.0
-0.0,0.0
-0.0,0.0
-0.0,0.0
-0.0,0.0
-0.0,0.0
-0.0,0.0
-0.0,0.0
-0.0,0.0
-0.0,0.0
-0.0,0.0
-0.0,0.0
-0.0,0.0
-0.0,0.0
-0.0,0.0
-0.0,0.0
-0.0,0.0
-0.0,0.0
-0.0,0.0
-0.0,0.0
-0.0,0.0
-0.0,0.0
-0.0,0.0
-0.0,0.0
-0.0,0.0
-0.0,0.0
-0.0,0.0
-0.0,0.0
-0.0,0.0
-0.0,0.0
-0.0,0.0
-0.0,0.0
-0.0,0.0
-0.0,0.0
-0.0,0.0
-0.0,0.0
-0.0,0.0
-0.0,0.0
-0.0,0.0
-0.0,0.0
-0.0,0.0
-0.0,0.0
-0.0,0.0
-0.0,0.0
-0.0,0.0
-0.0,0.0
-0.0,0.0
-0.0,0.0
-0.0,0.0
-0.0,0.0
-0.0,0.0
-0.0,0.0
-0.0,0.0
-0.0,0.0
-0.0,0.0
-0.0,0.0
-0.0,0.0
-0.0,0.0
-0.0,0.0
-0.0,0.0
-0.0,0.0
-0.0,0.0
-0.0,0.0
-0.0,0.0
-0.0,0.0
-0.0,0.0
-0.0,0.0
-0.0,0.0
-0.0,0.0
-0.0,0.0
-0.0,0.0
-0.0,0.0
-0.0,0.0
-0.0,0.0
-0.0,0.0
-0.0,0.0
-0.0,0.0
-0.0,0.0
-0.0,0.0
-0.0,0.0
-0.0,0.0
-0.0,0.0
-0.0,0.0
-0.0,0.0
-0.0,0.0
-0.0,0.0
-0.0,0.0
-0.0,0.0
-0.0,0.0
-0.0,0.0
-0.0,0.0
-0.0,0.0
-0.0,0.0
-0.0,0.0
-0.0,0.0
-0.0,0.0
-0.0,0.0
-0.0,0.0
-0.0,0.0
-0.0,0.0
-0.0,0.0
-0.0,0.0
-0.0,0.0
-0.0,0.0
-0.0,0.0
-0.0,0.0
-0.0,0.0
-0.0,0.0
-0.0,0.0
-0.0,0.0
-0.0,0.0
-0.0,0.0
-0.0,0.0
-0.0,0.0
-0.0,0.0
-0.0,0.0
-0.0,0.0
-0.0,0.0
-0.0,0.0
-0.0,0.0
-0.0,0.0
-0.0,0.0
-0.0,0.0
-0.0,0.0
-0.0,0.0
-0.0,0.0
-0.0,0.0
-0.0,0.0
-0.0,0.0
-0.0,0.0
-0.0,0.0
-0.0,0.0
-0.0,0.0
-0.0,0.0
-0.0,0.0
-0.0,0.0
-0.0,0.0
-0.0,0.0
-0.0,0.0
-0.0,0.0
-0.0,0.0
-0.0,0.0
-0.0,0.0
-0.0,0.0
-0.0,0.0
-0.0,0.0
-0.0,0.0
-0.0,0.0
-0.0,0.0
-0.0,0.0
-0.0,0.0
-0.0,0.0
-0.0,0.0
-0.0,0.0
-0.0,0.0
-0.0,0.0
-0.0,0.0
-0.0,0.0
-0.0,0.0
-0.0,0.0
-0.0,0.0
-0.0,0.0
-0.0,0.0
-0.0,0.0
-0.0,0.0
-0.0,0.0
-0.0,0.0
-0.0,0.0
-0.0,0.0
-0.0,0.0
-0.0,0.0
-0.0,0.0
-0.0,0.0
-0.0,0.0
-0.0,0.0
-0.0,0.0
-0.0,0.0
-0.0,0.0
-0.0,0.0
-0.0,0.0
-0.0,0.0
-0.0,0.0
-0.0,0.0
-0.0,0.0
-0.0,0.0
-0.0,0.0
-0.0,0.0
-0.0,0.0
-0.0,0.0
-0.0,0.0
-0.0,0.0
-0.0,0.0
-0.0,0.0
-0.0,0.0
-0.0,0.0
-0.0,0.0
-0.0,0.0
-0.0,0.0
-0.0,0.0
-0.0,0.0
-0.0,0.0
-0.0,0.0
-0.0,0.0
-0.0,0.0
-0.0,0.0
-0.0,0.0
-0.0,0.0
-0.0,0.0
-0.0,0.0
-0.0,0.0
-0.0,0.0
-0.0,0.0
-0.0,0.0
-0.0,0.0
-0.0,0.0
-0.0,0.0
-0.0,0.0
-0.0,0.0
-0.0,0.0
-0.0,0.0
-0.0,0.0
-0.0,0.0
-0.0,0.0
-0.0,0.0
-0.0,0.0
-0.0,0.0
-0.0,0.0
-0.0,0.0
-0.0,0.0
-0.0,0.0
-0.0,0.0
-0.0,0.0
-0.0,0.0
-0.0,0.0
-0.0,0.0
-0.0,0.0
-0.0,0.0
-0.0,0.0
-0.0,0.0
-0.0,0.0
-0.0,0.0
-0.0,0.0
-0.0,0.0
-0.0,0.0
-0.0,0.0
-0.0,0.0
-0.0,0.0
-0.0,0.0
-0.0,0.0
-0.0,0.0
-0.0,0.0
-0.0,0.0
-0.0,0.0
-0.0,0.0
-0.0,0.0
-0.0,0.0
-0.0,0.0
-0.0,0.0
-0.0,0.0
-0.0,0.0
-0.0,0.0
-0.0,0.0
-0.0,0.0
-0.0,0.0
-0.0,0.0
-0.0,0.0
-0.0,0.0
-0.0,0.0
-0.0,0.0
-0.0,0.0
-0.0,0.0
-0.0,0.0
-0.0,0.0
-0.0,0.0
-0.0,0.0
-0.0,0.0
-0.0,0.0
-0.0,0.0
-0.0,0.0
-0.0,0.0
-0.0,0.0
-0.0,0.0
-0.0,0.0
-0.0,0.0
-0.0,0.0
-0.0,0.0
-0.0,0.0
-0.0,0.0
-0.0,0.0
-0.0,0.0
-0.0,0.0
-0.0,0.0
-0.0,0.0
-0.0,0.0
-0.0,0.0
-0.0,0.0
-0.0,0.0
-0.0,0.0
-0.0,0.0
-0.0,0.0
-0.0,0.0
-0.0,0.0
-0.0,0.0
-0.0,0.0
-0.0,0.0
-0.0,0.0
-0.0,0.0
-0.0,0.0
-0.0,0.0
-0.0,0.0
-0.0,0.0
-0.0,0.0
-0.0,0.0
-0.0,0.0
-0.0,0.0
-0.0,0.0
-0.0,0.0
-0.0,0.0
-0.0,0.0
-0.0,0.0
-0.0,0.0
-0.0,0.0
-0.0,0.0
-0.0,0.0
-0.0,0.0
-0.0,0.0
-0.0,0.0
-0.0,0.0
-0.0,0.0
-0.0,0.0
-0.0,0.0
-0.0,0.0
-0.0,0.0
-0.0,0.0
-0.0,0.0
-0.0,0.0
-0.0,0.0
-0.0,0.0
-0.0,0.0
-0.0,0.0
-0.0,0.0
-0.0,0.0
-0.0,0.0
-0.0,0.0
-0.0,0.0
-0.0,0.0
-0.0,0.0
-0.0,0.0
-0.0,0.0
-0.0,0.0
-0.0,0.0
-0.0,0.0
-0.0,0.0
-0.0,0.0
-0.0,0.0
-0.0,0.0
-0.0,0.0
-0.0,0.0
-0.0,0.0
-0.0,0.0
-0.0,0.0
-0.0,0.0
-0.0,0.0
-0.0,0.0
-0.0,0.0
-0.0,0.0
-0.0,0.0
-0.0,0.0
-0.0,0.0
-0.0,0.0
-0.0,0.0
-0.0,0.0
-0.0,0.0
-0.0,0.0
-0.0,0.0
-0.0,0.0
-0.0,0.0
-0.0,0.0
-0.0,0.0
-0.0,0.0
-0.0,0.0
-0.0,0.0
-0.0,0.0
-0.0,0.0
-0.0,0.0
-0.0,0.0
-0.0,0.0
-0.0,0.0
-0.0,0.0
-0.0,0.0
-0.0,0.0
-0.0,0.0
-0.0,0.0
-0.0,0.0
-0.0,0.0
-0.0,0.0
-0.0,0.0
-0.0,0.0
-0.0,0.0
-0.0,0.0
-0.0,0.0
-0.0,0.0
-0.0,0.0
-0.0,0.0
-0.0,0.0
-0.0,0.0
-0.0,0.0
-0.0,0.0
-0.0,0.0
-0.0,0.0
-0.0,0.0
-0.0,0.0
-0.0,0.0
-0.0,0.0
-0.0,0.0
-0.0,0.0
-0.0,0.0
-0.0,0.0
-0.0,0.0
-0.0,0.0
-0.0,0.0
-0.0,0.0
-0.0,0.0
-0.0,0.0
-0.0,0.0
-0.0,0.0
-0.0,0.0
-0.0,0.0
-0.0,0.0
-0.0,0.0
-0.0,0.0
-0.0,0.0
-0.0,0.0
-0.0,0.0
-0.0,0.0
-0.0,0.0
-0.0,0.0
-0.0,0.0
-0.0,0.0
-0.0,0.0
-0.0,0.0
-0.0,0.0
-0.0,0.0
-0.0,0.0
-0.0,0.0
-0.0,0.0
-0.0,0.0
-0.0,0.0
-0.0,0.0
-0.0,0.0
-0.0,0.0
-0.0,0.0
-0.0,0.0
-0.0,0.0
-0.0,0.0
-0.0,0.0
-0.0,0.0
-0.0,0.0
-0.0,0.0
-0.0,0.0
-0.0,0.0
-0.0,0.0
-0.0,0.0
-0.0,0.0
-0.0,0.0
-0.0,0.0
-0.0,0.0
-0.0,0.0
-0.0,0.0
-0.0,0.0
-0.0,0.0
-0.0,0.0
-0.0,0.0
-0.0,0.0
-0.0,0.0
-0.0,0.0
-0.0,0.0
-0.0,0.0
-0.0,0.0
-0.0,0.0
-0.0,0.0
-0.0,0.0
-0.0,0.0
-0.0,0.0
-0.0,0.0
-0.0,0.0
-0.0,0.0
-0.0,0.0
-0.0,0.0
-0.0,0.0
-0.0,0.0
-0.0,0.0
-0.0,0.0
-0.0,0.0
-0.0,0.0
-0.0,0.0
-0.0,0.0
-0.0,0.0
-0.0,0.0
-0.0,0.0
-0.0,0.0
-0.0,0.0
-0.0,0.0
-0.0,0.0
-0.0,0.0
-0.0,0.0
-0.0,0.0
-0.0,0.0
-0.0,0.0
-0.0,0.0
-0.0,0.0
-0.0,0.0
-0.0,0.0
-0.0,0.0
-0.0,0.0
-0.0,0.0
-0.0,0.0
-0.0,0.0
-0.0,0.0
-0.0,0.0
-0.0,0.0
-0.0,0.0
-0.0,0.0
-0.0,0.0
-0.0,0.0
-0.0,0.0
-0.0,0.0
-0.0,0.0
-0.0,0.0
-0.0,0.0
-0.0,0.0
-0.0,0.0
-0.0,0.0
-0.0,0.0
-0.0,0.0
-0.0,0.0
-0.0,0.0
-0.0,0.0
-0.0,0.0
-0.0,0.0
-0.0,0.0
-0.0,0.0
-0.0,0.0
-0.0,0.0
-0.0,0.0
-0.0,0.0
-0.0,0.0
-0.0,0.0
-0.0,0.0
-0.0,0.0
-0.0,0.0
-0.0,0.0
-0.0,0.0
-0.0,0.0
-0.0,0.0
-0.0,0.0
-0.0,0.0
-0.0,0.0
-0.0,0.0
-0.0,0.0
-0.0,0.0
-0.0,0.0
-0.0,0.0
-0.0,0.0
-0.0,0.0
-0.0,0.0
-0.0,0.0
-0.0,0.0
-0.0,0.0
-0.0,0.0
-0.0,0.0
-0.0,0.0
-0.0,0.0
-0.0,0.0
-0.0,0.0
-0.0,0.0
-0.0,0.0
-0.0,0.0
-0.0,0.0
-0.0,0.0
-0.0,0.0
-0.0,0.0
-0.0,0.0
-0.0,0.0
-0.0,0.0
-0.0,0.0
-0.0,0.0
-0.0,0.0
-0.0,0.0
-0.0,0.0
-0.0,0.0
-0.0,0.0
-0.0,0.0
-0.0,0.0
-0.0,0.0
-0.0,0.0
-0.0,0.0
-0.0,0.0
-0.0,0.0
-0.0,0.0
-0.0,0.0
-0.0,0.0
-0.0,0.0
-0.0,0.0
-0.0,0.0
-0.0,0.0
-0.0,0.0
-0.0,0.0
-0.0,0.0
-0.0,0.0
-0.0,0.0
-0.0,0.0
-0.0,0.0
-0.0,0.0
-0.0,0.0
-0.0,0.0
-0.0,0.0
-0.0,0.0
-0.0,0.0
-0.0,0.0
-0.0,0.0
-0.0,0.0
-0.0,0.0
-0.0,0.0
-0.0,0.0
-0.0,0.0
-0.0,0.0
-0.0,0.0
-0.0,0.0
-0.0,0.0
-0.0,0.0
-0.0,0.0
-0.0,0.0
-0.0,0.0
-0.0,0.0
-0.0,0.0
-0.0,0.0
-0.0,0.0
-0.0,0.0
-0.0,0.0
-0.0,0.0
-0.0,0.0
-0.0,0.0
-0.0,0.0
-0.0,0.0
-0.0,0.0
-0.0,0.0
-0.0,0.0
-0.0,0.0
-0.0,0.0
-0.0,0.0
-0.0,0.0
-0.0,0.0
-0.0,0.0
-0.0,0.0
-0.0,0.0
-0.0,0.0
-0.0,0.0
-0.0,0.0
-0.0,0.0
-0.0,0.0
-0.0,0.0
-0.0,0.0
-0.0,0.0
-0.0,0.0
-0.0,0.0
-0.0,0.0
-0.0,0.0
-0.0,0.0
-0.0,0.0
-0.0,0.0
-0.0,0.0
-0.0,0.0
-0.0,0.0
-0.0,0.0
-0.0,0.0
-0.0,0.0
-0.0,0.0
-0.0,0.0
-0.0,0.0
-0.0,0.0
-0.0,0.0
-0.0,0.0
-0.0,0.0
-0.0,0.0
-0.0,0.0
-0.0,0.0
-0.0,0.0
-0.0,0.0
-0.0,0.0
-0.0,0.0
-0.0,0.0
-0.0,0.0
-0.0,0.0
-0.0,0.0
-0.0,0.0
-0.0,0.0
-0.0,0.0
-0.0,0.0
-0.0,0.0
-0.0,0.0
-0.0,0.0
-0.0,0.0
-0.0,0.0
-0.0,0.0
-0.0,0.0
-0.0,0.0
-0.0,0.0
-0.0,0.0
-0.0,0.0
-0.0,0.0
-0.0,0.0
-0.0,0.0
-0.0,0.0
-0.0,0.0
-0.0,0.0
-0.0,0.0
-0.0,0.0
-0.0,0.0
-0.0,0.0
-0.0,0.0
-0.0,0.0
-0.0,0.0
-0.0,0.0
-0.0,0.0
-0.0,0.0
-0.0,0.0
-0.0,0.0
-0.0,0.0
-0.0,0.0
-0.0,0.0
-0.0,0.0
-0.0,0.0
-0.0,0.0
-0.0,0.0
-0.0,0.0
-0.0,0.0
-0.0,0.0
-0.0,0.0
-0.0,0.0
-0.0,0.0
-0.0,0.0
-0.0,0.0
-0.0,0.0
-0.0,0.0
-0.0,0.0
-0.0,0.0
-0.0,0.0
-0.0,0.0
-0.0,0.0
-0.0,0.0
-0.0,0.0
-0.0,0.0
-0.0,0.0
-0.0,0.0
-0.0,0.0
-0.0,0.0
-0.0,0.0
-0.0,0.0
-0.0,0.0
-0.0,0.0
-0.0,0.0
-0.0,0.0
-0.0,0.0
-0.0,0.0
-0.0,0.0
-0.0,0.0
-0.0,0.0
-0.0,0.0
-0.0,0.0
-0.0,0.0
-0.0,0.0
-0.0,0.0
-0.0,0.0
-0.0,0.0
-0.0,0.0
-0.0,0.0
-0.0,0.0
-0.0,0.0
-0.0,0.0
-0.0,0.0
-0.0,0.0
-0.0,0.0
-0.0,0.0
-0.0,0.0
-0.0,0.0
-0.0,0.0
-0.0,0.0
-0.0,0.0
-0.0,0.0
-0.0,0.0
-0.0,0.0
-0.0,0.0
-0.0,0.0
-0.0,0.0
-0.0,0.0
-0.0,0.0
-0.0,0.0
-0.0,0.0
-0.0,0.0
-0.0,0.0
-0.0,0.0
-0.0,0.0
-0.0,0.0
-0.0,0.0
-0.0,0.0
-0.0,0.0
-0.0,0.0
-0.0,0.0
-0.0,0.0
-0.0,0.0
-0.0,0.0
-0.0,0.0
-0.0,0.0
-0.0,0.0
-0.0,0.0
-0.0,0.0
-0.0,0.0
-0.0,0.0
-0.0,0.0
-0.0,0.0
-0.0,0.0
-0.0,0.0
-0.0,0.0
-0.0,0.0
-0.0,0.0
-0.0,0.0
-0.0,0.0
-0.0,0.0
-0.0,0.0
-0.0,0.0
-0.0,0.0
-0.0,0.0
-0.0,0.0
-0.0,0.0
-0.0,0.0
-0.0,0.0
-0.0,0.0
-0.0,0.0
-0.0,0.0
-0.0,0.0
-0.0,0.0
-0.0,0.0
-0.0,0.0
-0.0,0.0
-0.0,0.0
-0.0,0.0
-0.0,0.0
-0.0,0.0
-0.0,0.0
-0.0,0.0
-0.0,0.0
-0.0,0.0
-0.0,0.0
-0.0,0.0
-0.0,0.0
-0.0,0.0
-0.0,0.0
-0.0,0.0
-0.0,0.0
-0.0,0.0
-0.0,0.0
-0.0,0.0
-0.0,0.0
-0.0,0.0
-0.0,0.0
-0.0,0.0
-0.0,0.0
-0.0,0.0
-0.0,0.0
-0.0,0.0
-0.0,0.0
-0.0,0.0
-0.0,0.0
-0.0,0.0
-0.0,0.0
-0.0,0.0
-0.0,0.0
-0.0,0.0
-0.0,0.0
-0.0,0.0
-0.0,0.0
-0.0,0.0
-0.0,0.0
-0.0,0.0
-0.0,0.0
-0.0,0.0
-0.0,0.0
-0.0,0.0
-0.0,0.0
-0.0,0.0
-0.0,0.0
-0.0,0.0
-0.0,0.0
-0.0,0.0
-0.0,0.0
-0.0,0.0
-0.0,0.0
-0.0,0.0
-0.0,0.0
-0.0,0.0
-0.0,0.0
-0.0,0.0
-0.0,0.0
-0.0,0.0
-0.0,0.0
-0.0,0.0
-0.0,0.0
-0.0,0.0
-0.0,0.0
-0.0,0.0
-0.0,0.0
-0.0,0.0
-0.0,0.0
-0.0,0.0
-0.0,0.0
-0.0,0.0
-0.0,0.0
-0.0,0.0
-0.0,0.0
-0.0,0.0
-0.0,0.0
-0.0,0.0
-0.0,0.0
-0.0,0.0
-0.0,0.0
-0.0,0.0
-0.0,0.0
-0.0,0.0
-0.0,0.0
-0.0,0.0
-0.0,0.0
-0.0,0.0
-0.0,0.0
-0.0,0.0
-0.0,0.0
-0.0,0.0
-0.0,0.0
-0.0,0.0
-0.0,0.0
-0.0,0.0
-0.0,0.0
-0.0,0.0
-0.0,0.0
-0.0,0.0
-0.0,0.0
-0.0,0.0
-0.0,0.0
-0.0,0.0
-0.0,0.0
-0.0,0.0
-0.0,0.0
-0.0,0.0
-0.0,0.0
-0.0,0.0
-0.0,0.0
-0.0,0.0
-0.0,0.0
-0.0,0.0
-0.0,0.0
-0.0,0.0
-0.0,0.0
-0.0,0.0
-0.0,0.0
-0.0,0.0
-0.0,0.0
-0.0,0.0
-0.0,0.0
-0.0,0.0
-0.0,0.0
-0.0,0.0
-0.0,0.0
-0.0,0.0
-0.0,0.0
-0.0,0.0
-0.0,0.0
-0.0,0.0
-0.0,0.0
-0.0,0.0
-0.0,0.0
-0.0,0.0
-0.0,0.0
-0.0,0.0
-0.0,0.0
-0.0,0.0
-0.0,0.0
-0.0,0.0
-0.0,0.0
-0.0,0.0
-0.0,0.0
-0.0,0.0
-0.0,0.0
-0.0,0.0
-0.0,0.0
-0.0,0.0
-0.0,0.0
-0.0,0.0
-0.0,0.0
-0.0,0.0
-0.0,0.0
-0.0,0.0
-0.0,0.0
-0.0,0.0
-0.0,0.0
-0.0,0.0
-0.0,0.0
-0.0,0.0
-0.0,0.0
-0.0,0.0
-0.0,0.0
-0.0,0.0
-0.0,0.0
-0.0,0.0
-0.0,0.0
-0.0,0.0
-0.0,0.0
-0.0,0.0
-0.0,0.0
-0.0,0.0
-0.0,0.0
-0.0,0.0
-0.0,0.0
-0.0,0.0
-0.0,0.0
-0.0,0.0
-0.0,0.0
-0.0,0.0
-0.0,0.0
-0.0,0.0
-0.0,0.0
-0.0,0.0
-0.0,0.0
-0.0,0.0
-0.0,0.0
-0.0,0.0
-0.0,0.0
-0.0,0.0
-0.0,0.0
-0.0,0.0
-0.0,0.0
-0.0,0.0
-0.0,0.0
-0.0,0.0
-0.0,0.0
-0.0,0.0
-0.0,0.0
-0.0,0.0
-0.0,0.0
-0.0,0.0
-0.0,0.0
-0.0,0.0
-0.0,0.0
-0.0,0.0
-0.0,0.0
-0.0,0.0
-0.0,0.0
-0.0,0.0
-0.0,0.0
-0.0,0.0
-0.0,0.0
-0.0,0.0
-0.0,0.0
-0.0,0.0
-0.0,0.0
-0.0,0.0
-0.0,0.0
-0.0,0.0
-0.0,0.0
-0.0,0.0
-0.0,0.0
-0.0,0.0
-0.0,0.0
-0.0,0.0
-0.0,0.0
-0.0,0.0
-0.0,0.0
-0.0,0.0
-0.0,0.0
-0.0,0.0
-0.0,0.0
-0.0,0.0
-0.0,0.0
-0.0,0.0
-0.0,0.0
-0.0,0.0
-0.0,0.0
-0.0,0.0
-0.0,0.0
-0.0,0.0
-0.0,0.0
-0.0,0.0
-0.0,0.0
-0.0,0.0
-0.0,0.0
-0.0,0.0
-0.0,0.0
-0.0,0.0
-0.0,0.0
-0.0,0.0
-0.0,0.0
-0.0,0.0
-0.0,0.0
-0.0,0.0
-0.0,0.0
-0.0,0.0
-0.0,0.0
-0.0,0.0
-0.0,0.0
-0.0,0.0
-0.0,0.0
-0.0,0.0
-0.0,0.0
-0.0,0.0
-0.0,0.0
-0.0,0.0
-0.0,0.0
-0.0,0.0
-0.0,0.0
-0.0,0.0
-0.0,0.0
-0.0,0.0
-0.0,0.0
-0.0,0.0
-0.0,0.0
-0.0,0.0
-0.0,0.0
-0.0,0.0
-0.0,0.0
-0.0,0.0
-0.0,0.0
-0.0,0.0
-0.0,0.0
-0.0,0.0
-0.0,0.0
-0.0,0.0
-0.0,0.0
-0.0,0.0
-0.0,0.0
-0.0,0.0
-0.0,0.0
-0.0,0.0
-0.0,0.0
-0.0,0.0
-0.0,0.0
-0.0,0.0
-0.0,0.0
-0.0,0.0
-0.0,0.0
-0.0,0.0
-0.0,0.0
-0.0,0.0
-0.0,0.0
-0.0,0.0
-0.0,0.0
-0.0,0.0
-0.0,0.0
-0.0,0.0
-0.0,0.0
-0.0,0.0
-0.0,0.0
-0.0,0.0
-0.0,0.0
-0.0,0.0
-0.0,0.0
-0.0,0.0
-0.0,0.0
-0.0,0.0
-0.0,0.0
-0.0,0.0
-0.0,0.0
-0.0,0.0
-0.0,0.0
-0.0,0.0
-0.0,0.0
-0.0,0.0
-0.0,0.0
-0.0,0.0
-0.0,0.0
-0.0,0.0
-0.0,0.0
-0.0,0.0
-0.0,0.0
-0.0,0.0
-0.0,0.0
-0.0,0.0
-0.0,0.0
-0.0,0.0
-0.0,0.0
-0.0,0.0
-0.0,0.0
-0.0,0.0
-0.0,0.0
-0.0,0.0
-0.0,0.0
-0.0,0.0
-0.0,0.0
-0.0,0.0
-0.0,0.0
-0.0,0.0
-0.0,0.0
-0.0,0.0
-0.0,0.0
-0.0,0.0
-0.0,0.0
-0.0,0.0
-0.0,0.0
-0.0,0.0
-0.0,0.0
-0.0,0.0
-0.0,0.0
-0.0,0.0
-0.0,0.0
-0.0,0.0
-0.0,0.0
-0.0,0.0
-0.0,0.0
-0.0,0.0
-0.0,0.0
-0.0,0.0
-0.0,0.0
-0.0,0.0
-0.0,0.0
-0.0,0.0
-0.0,0.0
-0.0,0.0
-0.0,0.0
-0.0,0.0
-0.0,0.0
-0.0,0.0
-0.0,0.0
-0.0,0.0
-0.0,0.0
-0.0,0.0
-0.0,0.0
-0.0,0.0
-0.0,0.0
-0.0,0.0
-0.0,0.0
-0.0,0.0
-0.0,0.0
-0.0,0.0
-0.0,0.0
-0.0,0.0
-0.0,0.0
-0.0,0.0
-0.0,0.0
-0.0,0.0
-0.0,0.0
-0.0,0.0
-0.0,0.0
-0.0,0.0
-0.0,0.0
-0.0,0.0
-0.0,0.0
-0.0,0.0
-0.0,0.0
-0.0,0.0
-0.0,0.0
-0.0,0.0
-0.0,0.0
-0.0,0.0
-0.0,0.0
-0.0,0.0
-0.0,0.0
-0.0,0.0
-0.0,0.0
-0.0,0.0
-0.0,0.0
-0.0,0.0
-0.0,0.0
-0.0,0.0
-0.0,0.0
-0.0,0.0
-0.0,0.0
-0.0,0.0
-0.0,0.0
-0.0,0.0
-0.0,0.0
-0.0,0.0
-0.0,0.0
-0.0,0.0
-0.0,0.0
-0.0,0.0
-0.0,0.0
-0.0,0.0
-0.0,0.0
-0.0,0.0
-0.0,0.0
-0.0,0.0
-0.0,0.0
-0.0,0.0
-0.0,0.0
-0.0,0.0
-0.0,0.0
-0.0,0.0
-0.0,0.0
-0.0,0.0
-0.0,0.0
-0.0,0.0
-0.0,0.0
-0.0,0.0
-0.0,0.0
-0.0,0.0
-0.0,0.0
-0.0,0.0
-0.0,0.0
-0.0,0.0
-0.0,0.0
-0.0,0.0
-0.0,0.0
-0.0,0.0
-0.0,0.0
-0.0,0.0
-0.0,0.0
-0.0,0.0
-0.0,0.0
-0.0,0.0
-0.0,0.0
-0.0,0.0
-0.0,0.0
-0.0,0.0
-0.0,0.0
-0.0,0.0
-0.0,0.0
-0.0,0.0
-0.0,0.0
-0.0,0.0
-0.0,0.0
-0.0,0.0
-0.0,0.0
-0.0,0.0
-0.0,0.0
-0.0,0.0
-0.0,0.0
-0.0,0.0
-0.0,0.0
-0.0,0.0
-0.0,0.0
-0.0,0.0
-0.0,0.0
-0.0,0.0
-0.0,0.0
-0.0,0.0
-0.0,0.0
-0.0,0.0
-0.0,0.0
-0.0,0.0
-0.0,0.0
-0.0,0.0
-0.0,0.0
-0.0,0.0
-0.0,0.0
-0.0,0.0
-0.0,0.0
-0.0,0.0
-0.0,0.0
-0.0,0.0
-0.0,0.0
-0.0,0.0
-0.0,0.0
-0.0,0.0
-0.0,0.0
-0.0,0.0
-0.0,0.0
-0.0,0.0
-0.0,0.0
-0.0,0.0
-0.0,0.0
-0.0,0.0
-0.0,0.0
-0.0,0.0
-0.0,0.0
-0.0,0.0
-0.0,0.0
-0.0,0.0
-0.0,0.0
-0.0,0.0
-0.0,0.0
-0.0,0.0
-0.0,0.0
-0.0,0.0
-0.0,0.0
-0.0,0.0
-0.0,0.0
-0.0,0.0
-0.0,0.0
-0.0,0.0
-0.0,0.0
-0.0,0.0
-0.0,0.0
-0.0,0.0
-0.0,0.0
-0.0,0.0
-0.0,0.0
-0.0,0.0
-0.0,0.0
-0.0,0.0
-0.0,0.0
-0.0,0.0
-0.0,0.0
-0.0,0.0
-0.0,0.0
-0.0,0.0
-0.0,0.0
-0.0,0.0
-0.0,0.0
-0.0,0.0
-0.0,0.0
-0.0,0.0
-0.0,0.0
-0.0,0.0
-0.0,0.0
-0.0,0.0
-0.0,0.0
-0.0,0.0
-0.0,0.0
-0.0,0.0
-0.0,0.0
-0.0,0.0
-0.0,0.0
-0.0,0.0
-0.0,0.0
-0.0,0.0
-0.0,0.0
-0.0,0.0
-0.0,0.0
-0.0,0.0
-0.0,0.0
-0.0,0.0
-0.0,0.0
-0.0,0.0
-0.0,0.0
-0.0,0.0
-0.0,0.0
-0.0,0.0
-0.0,0.0
-0.0,0.0
-0.0,0.0
-0.0,0.0
-0.0,0.0
-0.0,0.0
-0.0,0.0
-0.0,0.0
-0.0,0.0
-0.0,0.0
-0.0,0.0
-0.0,0.0
-0.0,0.0
-0.0,0.0
-0.0,0.0
-0.0,0.0
-0.0,0.0
-0.0,0.0
-0.0,0.0
-0.0,0.0
-0.0,0.0
-0.0,0.0
-0.0,0.0
-0.0,0.0
-0.0,0.0
-0.0,0.0
-0.0,0.0
-0.0,0.0
-0.0,0.0
-0.0,0.0
-0.0,0.0
-0.0,0.0
-0.0,0.0
-0.0,0.0
-0.0,0.0
-0.0,0.0
-0.0,0.0
-0.0,0.0
-0.0,0.0
-0.0,0.0
-0.0,0.0
-0.0,0.0
-0.0,0.0
-0.0,0.0
-0.0,0.0
-0.0,0.0
-0.0,0.0
-0.0,0.0
-0.0,0.0
-0.0,0.0
-0.0,0.0
-0.0,0.0
-0.0,0.0
-0.0,0.0
-0.0,0.0
-0.0,0.0
-0.0,0.0
-0.0,0.0
-0.0,0.0
-0.0,0.0
-0.0,0.0
-0.0,0.0
-0.0,0.0
-0.0,0.0
-0.0,0.0
-0.0,0.0
-0.0,0.0
-0.0,0.0
-0.0,0.0
-0.0,0.0
-0.0,0.0
-0.0,0.0
-0.0,0.0
-0.0,0.0
-0.0,0.0
-0.0,0.0
-0.0,0.0
-0.0,0.0
-0.0,0.0
-0.0,0.0
-0.0,0.0
-0.0,0.0
-0.0,0.0
-0.0,0.0
-0.0,0.0
-0.0,0.0
-0.0,0.0
-0.0,0.0
-0.0,0.0
-0.0,0.0
-0.0,0.0
-0.0,0.0
-0.0,0.0
-0.0,0.0
-0.0,0.0
-0.0,0.0
-0.0,0.0
-0.0,0.0
-0.0,0.0
-0.0,0.0
-0.0,0.0
-0.0,0.0
-0.0,0.0
-0.0,0.0
-0.0,0.0
-0.0,0.0
-0.0,0.0
-0.0,0.0
-0.0,0.0
-0.0,0.0
-0.0,0.0
-0.0,0.0
-0.0,0.0
-0.0,0.0
-0.0,0.0
-0.0,0.0
-0.0,0.0
-0.0,0.0
-0.0,0.0
-0.0,0.0
-0.0,0.0
-0.0,0.0
-0.0,0.0
-0.0,0.0
-0.0,0.0
-0.0,0.0
-0.0,0.0
-0.0,0.0
-0.0,0.0
-0.0,0.0
-0.0,0.0
-0.0,0.0
-0.0,0.0
-0.0,0.0
-0.0,0.0
-0.0,0.0
-0.0,0.0
-0.0,0.0
-0.0,0.0
-0.0,0.0
-0.0,0.0
-0.0,0.0
-0.0,0.0
-0.0,0.0
-0.0,0.0
-0.0,0.0
-0.0,0.0
-0.0,0.0
-0.0,0.0
-0.0,0.0
-0.0,0.0
-0.0,0.0
-0.0,0.0
-0.0,0.0
-0.0,0.0
-0.0,0.0
-0.0,0.0
-0.0,0.0
-0.0,0.0
-0.0,0.0
-0.0,0.0
-0.0,0.0
-0.0,0.0
-0.0,0.0
-0.0,0.0
-0.0,0.0
-0.0,0.0
-0.0,0.0
-0.0,0.0
-0.0,0.0
-0.0,0.0
-0.0,0.0
-0.0,0.0
-0.0,0.0
-0.0,0.0
-0.0,0.0
-0.0,0.0
-0.0,0.0
-0.0,0.0
-0.0,0.0
-0.0,0.0
-0.0,0.0
-0.0,0.0
-0.0,0.0
-0.0,0.0
-0.0,0.0
-0.0,0.0
-0.0,0.0
-0.0,0.0
-0.0,0.0
-0.0,0.0
-0.0,0.0
-0.0,0.0
-0.0,0.0
-0.0,0.0
-0.0,0.0
-0.0,0.0
-0.0,0.0
-0.0,0.0
-0.0,0.0
-0.0,0.0
-0.0,0.0
-0.0,0.0
-0.0,0.0
-0.0,0.0
-0.0,0.0
-0.0,0.0
-0.0,0.0
-0.0,0.0
-0.0,0.0
-0.0,0.0
-0.0,0.0
-0.0,0.0
-0.0,0.0
-0.0,0.0
-0.0,0.0
-0.0,0.0
-0.0,0.0
-0.0,0.0
-0.0,0.0
-0.0,0.0
-0.0,0.0
-0.0,0.0
-0.0,0.0
-0.0,0.0
-0.0,0.0
-0.0,0.0
-0.0,0.0
-0.0,0.0
-0.0,0.0
-0.0,0.0
-0.0,0.0
-0.0,0.0
-0.0,0.0
-0.0,0.0
-0.0,0.0
-0.0,0.0
-0.0,0.0
-0.0,0.0
-0.0,0.0
-0.0,0.0
-0.0,0.0
-0.0,0.0
-0.0,0.0
-0.0,0.0
-0.0,0.0
-0.0,0.0
-0.0,0.0
-0.0,0.0
-0.0,0.0
-0.0,0.0
-0.0,0.0
-0.0,0.0
-0.0,0.0
-0.0,0.0
-0.0,0.0
-0.0,0.0
-0.0,0.0
-0.0,0.0
-0.0,0.0
-0.0,0.0
-0.0,0.0
-0.0,0.0
-0.0,0.0
-0.0,0.0
-0.0,0.0
-0.0,0.0
-0.0,0.0
-0.0,0.0
-0.0,0.0
-0.0,0.0
-0.0,0.0
-0.0,0.0
-0.0,0.0
-0.0,0.0
-0.0,0.0
-0.0,0.0
-0.0,0.0
-0.0,0.0
-0.0,0.0
-0.0,0.0
-0.0,0.0
-0.0,0.0
-0.0,0.0
-0.0,0.0
-0.0,0.0
-0.0,0.0
-0.0,0.0
-0.0,0.0
-0.0,0.0
-0.0,0.0
-0.0,0.0
-0.0,0.0
-0.0,0.0
-0.0,0.0
-0.0,0.0
-0.0,0.0
-0.0,0.0
-0.0,0.0
-0.0,0.0
-0.0,0.0
-0.0,0.0
-0.0,0.0
-0.0,0.0
-0.0,0.0
-0.0,0.0
-0.0,0.0
-0.0,0.0
-0.0,0.0
-0.0,0.0
-0.0,0.0
-0.0,0.0
-0.0,0.0
-0.0,0.0
-0.0,0.0
-0.0,0.0
-0.0,0.0
-0.0,0.0
-0.0,0.0
-0.0,0.0
-0.0,0.0
-0.0,0.0
-0.0,0.0
-0.0,0.0
-0.0,0.0
-0.0,0.0
-0.0,0.0
-0.0,0.0
-0.0,0.0
-0.0,0.0
-0.0,0.0
-0.0,0.0
-0.0,0.0
-0.0,0.0
-0.0,0.0
-0.0,0.0
-0.0,0.0
-0.0,0.0
-0.0,0.0
-0.0,0.0
-0.0,0.0
-0.0,0.0
-0.0,0.0
-0.0,0.0
-0.0,0.0
-0.0,0.0
-0.0,0.0
-0.0,0.0
-0.0,0.0
-0.0,0.0
-0.0,0.0
-0.0,0.0
-0.0,0.0
-0.0,0.0
-0.0,0.0
-0.0,0.0
-0.0,0.0
-0.0,0.0
-0.0,0.0
-0.0,0.0
-0.0,0.0
-0.0,0.0
-0.0,0.0
-0.0,0.0
-0.0,0.0
-0.0,0.0
-0.0,0.0
-0.0,0.0
-0.0,0.0
-0.0,0.0
-0.0,0.0
-0.0,0.0
-0.0,0.0
-0.0,0.0
-0.0,0.0
-0.0,0.0
-0.0,0.0
-0.0,0.0
-0.0,0.0
-0.0,0.0
-0.0,0.0
-0.0,0.0
-0.0,0.0
-0.0,0.0
-0.0,0.0
-0.0,0.0
-0.0,0.0
-0.0,0.0
-0.0,0.0
-0.0,0.0
-0.0,0.0
-0.0,0.0
-0.0,0.0
-0.0,0.0
-0.0,0.0
-0.0,0.0
-0.0,0.0
-0.0,0.0
-0.0,0.0
-0.0,0.0
-0.0,0.0
-0.0,0.0
-0.0,0.0
-0.0,0.0
-0.0,0.0
-0.0,0.0
-0.0,0.0
-0.0,0.0
-0.0,0.0
-0.0,0.0
-0.0,0.0
-0.0,0.0
-0.0,0.0
-0.0,0.0
-0.0,0.0
-0.0,0.0
-0.0,0.0
-0.0,0.0
-0.0,0.0
-0.0,0.0
-0.0,0.0
-0.0,0.0
-0.0,0.0
-0.0,0.0
-0.0,0.0
-0.0,0.0
-0.0,0.0
-0.0,0.0
-0.0,0.0
-0.0,0.0
-0.0,0.0
-0.0,0.0
-0.0,0.0
-0.0,0.0
-0.0,0.0
-0.0,0.0
-0.0,0.0
-0.0,0.0
-0.0,0.0
-0.0,0.0
-0.0,0.0
-0.0,0.0
-0.0,0.0
-0.0,0.0
-0.0,0.0
-0.0,0.0
-0.0,0.0
-0.0,0.0
-0.0,0.0
-0.0,0.0
-0.0,0.0
-0.0,0.0
-0.0,0.0
-0.0,0.0
-0.0,0.0
-0.0,0.0
-0.0,0.0
-0.0,0.0
-0.0,0.0
-0.0,0.0
-0.0,0.0
-0.0,0.0
-0.0,0.0
-0.0,0.0
-0.0,0.0
-0.0,0.0
-0.0,0.0
-0.0,0.0
-0.0,0.0
-0.0,0.0
-0.0,0.0
-0.0,0.0
-0.0,0.0
-0.0,0.0
-0.0,0.0
-0.0,0.0
-0.0,0.0
-0.0,0.0
-0.0,0.0
-0.0,0.0
-0.0,0.0
-0.0,0.0
-0.0,0.0
-0.0,0.0
-0.0,0.0
-0.0,0.0
-0.0,0.0
-0.0,0.0
-0.0,0.0
-0.0,0.0
-0.0,0.0
-0.0,0.0
-0.0,0.0
-0.0,0.0
-0.0,0.0
-0.0,0.0
-0.0,0.0
-0.0,0.0
-0.0,0.0
-0.0,0.0
-0.0,0.0
-0.0,0.0
-0.0,0.0
-0.0,0.0
-0.0,0.0
-0.0,0.0
-0.0,0.0
-0.0,0.0
-0.0,0.0
-0.0,0.0
-0.0,0.0
-0.0,0.0
-0.0,0.0
-0.0,0.0
-0.0,0.0
-0.0,0.0
-0.0,0.0
-0.0,0.0
-0.0,0.0
-0.0,0.0
-0.0,0.0
-0.0,0.0
-0.0,0.0
-0.0,0.0
-0.0,0.0
-0.0,0.0
-0.0,0.0
-0.0,0.0
-0.0,0.0
-0.0,0.0
-0.0,0.0
-0.0,0.0
-0.0,0.0
-0.0,0.0
-0.0,0.0
-0.0,0.0
-0.0,0.0
-0.0,0.0
-0.0,0.0
-0.0,0.0
-0.0,0.0
-0.0,0.0
-0.0,0.0
-0.0,0.0
-0.0,0.0
-0.0,0.0
-0.0,0.0
-0.0,0.0
-0.0,0.0
-0.0,0.0
-0.0,0.0
-0.0,0.0
-0.0,0.0
-0.0,0.0
-0.0,0.0
-0.0,0.0
-0.0,0.0
-0.0,0.0
-0.0,0.0
-0.0,0.0
-0.0,0.0
-0.0,0.0
-0.0,0.0
-0.0,0.0
-0.0,0.0
-0.0,0.0
-0.0,0.0
-0.0,0.0
-0.0,0.0
-0.0,0.0
-0.0,0.0
-0.0,0.0
-0.0,0.0
-0.0,0.0
-0.0,0.0
-0.0,0.0
-0.0,0.0
-0.0,0.0
-0.0,0.0
-0.0,0.0
-0.0,0.0
-0.0,0.0
-0.0,0.0
-0.0,0.0
-0.0,0.0
-0.0,0.0
-0.0,0.0
-0.0,0.0
-0.0,0.0
-0.0,0.0
-0.0,0.0
-0.0,0.0
-0.0,0.0
-0.0,0.0
-0.0,0.0
-0.0,0.0
-0.0,0.0
-0.0,0.0
-0.0,0.0
-0.0,0.0
-0.0,0.0
-0.0,0.0
-0.0,0.0
-0.0,0.0
-0.0,0.0
-0.0,0.0
-0.0,0.0
-0.0,0.0
-0.0,0.0
-0.0,0.0
-0.0,0.0
-0.0,0.0
-0.0,0.0
-0.0,0.0
-0.0,0.0
-0.0,0.0
-0.0,0.0
-0.0,0.0
-0.0,0.0
-0.0,0.0
-0.0,0.0
-0.0,0.0
-0.0,0.0
-0.0,0.0
-0.0,0.0
-0.0,0.0
-0.0,0.0
-0.0,0.0
-0.0,0.0
-0.0,0.0
-0.0,0.0
-0.0,0.0
-0.0,0.0
-0.0,0.0
-0.0,0.0
-0.0,0.0
-0.0,0.0
-0.0,0.0
-0.0,0.0
-0.0,0.0
-0.0,0.0
-0.0,0.0
-0.0,0.0
-0.0,0.0
-0.0,0.0
-0.0,0.0
-0.0,0.0
-0.0,0.0
-0.0,0.0
-0.0,0.0
-0.0,0.0
-0.0,0.0
-0.0,0.0
-0.0,0.0
-0.0,0.0
-0.0,0.0
-0.0,0.0
-0.0,0.0
-0.0,0.0
-0.0,0.0
-0.0,0.0
-0.0,0.0
-0.0,0.0
-0.0,0.0
-0.0,0.0
-0.0,0.0
-0.0,0.0
-0.0,0.0
-0.0,0.0
-0.0,0.0
-0.0,0.0
-0.0,0.0
-0.0,0.0
-0.0,0.0
-0.0,0.0
-0.0,0.0
-0.0,0.0
-0.0,0.0
-0.0,0.0
-0.0,0.0
-0.0,0.0
-0.0,0.0
-0.0,0.0
-0.0,0.0
-0.0,0.0
-0.0,0.0
-0.0,0.0
-0.0,0.0
-0.0,0.0
-0.0,0.0
-0.0,0.0
-0.0,0.0
-0.0,0.0
-0.0,0.0
-0.0,0.0
-0.0,0.0
-0.0,0.0
-0.0,0.0
-0.0,0.0
-0.0,0.0
-0.0,0.0
-0.0,0.0
-0.0,0.0
-0.0,0.0
-0.0,0.0
-0.0,0.0
-0.0,0.0
-0.0,0.0
-0.0,0.0
-0.0,0.0
-0.0,0.0
-0.0,0.0
-0.0,0.0
-0.0,0.0
-0.0,0.0
-0.0,0.0
-0.0,0.0
-0.0,0.0
-0.0,0.0
-0.0,0.0
-0.0,0.0
-0.0,0.0
-0.0,0.0
-0.0,0.0
-0.0,0.0
-0.0,0.0
-0.0,0.0
-0.0,0.0
-0.0,0.0
-0.0,0.0
-0.0,0.0
-0.0,0.0
-0.0,0.0
-0.0,0.0
-0.0,0.0
-0.0,0.0
-0.0,0.0
-0.0,0.0
-0.0,0.0
-0.0,0.0
-0.0,0.0
-0.0,0.0
-0.0,0.0
-0.0,0.0
-0.0,0.0
-0.0,0.0
-0.0,0.0
-0.0,0.0
-0.0,0.0
-0.0,0.0
-0.0,0.0
-0.0,0.0
-0.0,0.0
-0.0,0.0
-0.0,0.0
-0.0,0.0
-0.0,0.0
-0.0,0.0
-0.0,0.0
-0.0,0.0
-0.0,0.0
-0.0,0.0
-0.0,0.0
-0.0,0.0
-0.0,0.0
-0.0,0.0
-0.0,0.0
-0.0,0.0
-0.0,0.0
-0.0,0.0
-0.0,0.0
-0.0,0.0
-0.0,0.0
-0.0,0.0
-0.0,0.0
-0.0,0.0
-0.0,0.0
-0.0,0.0
-0.0,0.0
-0.0,0.0
-0.0,0.0
-0.0,0.0
-0.0,0.0
-0.0,0.0
-0.0,0.0
-0.0,0.0
-0.0,0.0
-0.0,0.0
-0.0,0.0
-0.0,0.0
-0.0,0.0
-0.0,0.0
-0.0,0.0
-0.0,0.0
-0.0,0.0
-0.0,0.0
-0.0,0.0
-0.0,0.0
-0.0,0.0
-0.0,0.0
-0.0,0.0
-0.0,0.0
-0.0,0.0
-0.0,0.0
-0.0,0.0
-0.0,0.0
-0.0,0.0
-0.0,0.0
-0.0,0.0
-0.0,0.0
-0.0,0.0
-0.0,0.0
-0.0,0.0
-0.0,0.0
-0.0,0.0
-0.0,0.0
-0.0,0.0
-0.0,0.0
-0.0,0.0
-0.0,0.0
-0.0,0.0
-0.0,0.0
-0.0,0.0
-0.0,0.0
-0.0,0.0
-0.0,0.0
-0.0,0.0
-0.0,0.0
-0.0,0.0
-0.0,0.0
-0.0,0.0
-0.0,0.0
-0.0,0.0
-0.0,0.0
-0.0,0.0
-0.0,0.0
-0.0,0.0
-0.0,0.0
-0.0,0.0
-0.0,0.0
-0.0,0.0
-0.0,0.0
-0.0,0.0
-0.0,0.0
-0.0,0.0
-0.0,0.0
-0.0,0.0
-0.0,0.0
-0.0,0.0
-0.0,0.0
-0.0,0.0
-0.0,0.0
-0.0,0.0
-0.0,0.0
-0.0,0.0
-0.0,0.0
-0.0,0.0
-0.0,0.0
-0.0,0.0
-0.0,0.0
-0.0,0.0
-0.0,0.0
-0.0,0.0
-0.0,0.0
-0.0,0.0
-0.0,0.0
-0.0,0.0
-0.0,0.0
-0.0,0.0
-0.0,0.0
-0.0,0.0
-0.0,0.0
-0.0,0.0
-0.0,0.0
-0.0,0.0
-0.0,0.0
-0.0,0.0
-0.0,0.0
-0.0,0.0
-0.0,0.0
-0.0,0.0
-0.0,0.0
-0.0,0.0
-0.0,0.0
-0.0,0.0
-0.0,0.0
-0.0,0.0
-0.0,0.0
-0.0,0.0
-0.0,0.0
-0.0,0.0
-0.0,0.0
-0.0,0.0
-0.0,0.0
-0.0,0.0
-0.0,0.0
-0.0,0.0
-0.0,0.0
-0.0,0.0
-0.0,0.0
-0.0,0.0
-0.0,0.0
-0.0,0.0
-0.0,0.0
-0.0,0.0
-0.0,0.0
-0.0,0.0
-0.0,0.0
-0.0,0.0
-0.0,0.0
-0.0,0.0
-0.0,0.0
-0.0,0.0
-0.0,0.0
-0.0,0.0
-0.0,0.0
-0.0,0.0
-0.0,0.0
-0.0,0.0
-0.0,0.0
-0.0,0.0
-0.0,0.0
-0.0,0.0
-0.0,0.0
-0.0,0.0
-0.0,0.0
-0.0,0.0
-0.0,0.0
-0.0,0.0
-0.0,0.0
-0.0,0.0
-0.0,0.0
-0.0,0.0
-0.0,0.0
-0.0,0.0
-0.0,0.0
-0.0,0.0
-0.0,0.0
-0.0,0.0
-0.0,0.0
-0.0,0.0
-0.0,0.0
-0.0,0.0
-0.0,0.0
-0.0,0.0
-0.0,0.0
-0.0,0.0
-0.0,0.0
-0.0,0.0
-0.0,0.0
-0.0,0.0
-0.0,0.0
-0.0,0.0
-0.0,0.0
-0.0,0.0
-0.0,0.0
-0.0,0.0
-0.0,0.0
-0.0,0.0
-0.0,0.0
-0.0,0.0
-0.0,0.0
-0.0,0.0
-0.0,0.0
-0.0,0.0
-0.0,0.0
-0.0,0.0
-0.0,0.0
-0.0,0.0
-0.0,0.0
-0.0,0.0
-0.0,0.0
-0.0,0.0
-0.0,0.0
-0.0,0.0
-0.0,0.0
-0.0,0.0
-0.0,0.0
-0.0,0.0
-0.0,0.0
-0.0,0.0
-0.0,0.0
-0.0,0.0
-0.0,0.0
-0.0,0.0
-0.0,0.0
-0.0,0.0
-0.0,0.0
-0.0,0.0
-0.0,0.0
-0.0,0.0
-0.0,0.0
-0.0,0.0
-0.0,0.0
-0.0,0.0
-0.0,0.0
-0.0,0.0
-0.0,0.0
-0.0,0.0
-0.0,0.0
-0.0,0.0
-0.0,0.0
-0.0,0.0
-0.0,0.0
-0.0,0.0
-0.0,0.0
-0.0,0.0
-0.0,0.0
-0.0,0.0
-0.0,0.0
-0.0,0.0
-0.0,0.0
-0.0,0.0
-0.0,0.0
-0.0,0.0
-0.0,0.0
-0.0,0.0
-0.0,0.0
-0.0,0.0
-0.0,0.0
-0.0,0.0
-0.0,0.0
-0.0,0.0
-0.0,0.0
-0.0,0.0
-0.0,0.0
-0.0,0.0
-0.0,0.0
-0.0,0.0
-0.0,0.0
-0.0,0.0
-0.0,0.0
-0.0,0.0
-0.0,0.0
-0.0,0.0
-0.0,0.0
-0.0,0.0
-0.0,0.0
-0.0,0.0
-0.0,0.0
-0.0,0.0
-0.0,0.0
-0.0,0.0
-0.0,0.0
-0.0,0.0
-0.0,0.0
-0.0,0.0
-0.0,0.0
-0.0,0.0
-0.0,0.0
-0.0,0.0
-0.0,0.0
-0.0,0.0
-0.0,0.0
-0.0,0.0
-0.0,0.0
-0.0,0.0
-0.0,0.0
-0.0,0.0
-0.0,0.0
-0.0,0.0
-0.0,0.0
-0.0,0.0
-0.0,0.0
-0.0,0.0
-0.0,0.0
-0.0,0.0
-0.0,0.0
-0.0,0.0
-0.0,0.0
-0.0,0.0
-0.0,0.0
-0.0,0.0
-0.0,0.0
-0.0,0.0
-0.0,0.0
-0.0,0.0
-0.0,0.0
-0.0,0.0
-0.0,0.0
-0.0,0.0
-0.0,0.0
-0.0,0.0
-0.0,0.0
-0.0,0.0
-0.0,0.0
-0.0,0.0
-0.0,0.0
-0.0,0.0
-0.0,0.0
-0.0,0.0
-0.0,0.0
-0.0,0.0
-0.0,0.0
-0.0,0.0
-0.0,0.0
-0.0,0.0
-0.0,0.0
-0.0,0.0
-0.0,0.0
-0.0,0.0
-0.0,0.0
-0.0,0.0
-0.0,0.0
-0.0,0.0
-0.0,0.0
-0.0,0.0
-0.0,0.0
-0.0,0.0
-0.0,0.0
-0.0,0.0
-0.0,0.0
-0.0,0.0
-0.0,0.0
-0.0,0.0
-0.0,0.0
-0.0,0.0
-0.0,0.0
-0.0,0.0
-0.0,0.0
-0.0,0.0
-0.0,0.0
-0.0,0.0
-0.0,0.0
-0.0,0.0
-0.0,0.0
-0.0,0.0
-0.0,0.0
-0.0,0.0
-0.0,0.0
-0.0,0.0
-0.0,0.0
-0.0,0.0
-0.0,0.0
-0.0,0.0
-0.0,0.0
-0.0,0.0
-0.0,0.0
-0.0,0.0
-0.0,0.0
-0.0,0.0
-0.0,0.0
-0.0,0.0
-0.0,0.0
-0.0,0.0
-0.0,0.0
-0.0,0.0
-0.0,0.0
-0.0,0.0
-0.0,0.0
-0.0,0.0
-0.0,0.0
-0.0,0.0
-0.0,0.0
-0.0,0.0
-0.0,0.0
-0.0,0.0
-0.0,0.0
-0.0,0.0
-0.0,0.0
-0.0,0.0
-0.0,0.0
-0.0,0.0
-0.0,0.0
-0.0,0.0
-0.0,0.0
-0.0,0.0
-0.0,0.0
-0.0,0.0
-0.0,0.0
-0.0,0.0
-0.0,0.0
-0.0,0.0
-0.0,0.0
-0.0,0.0
-0.0,0.0
-0.0,0.0
-0.0,0.0
-0.0,0.0
-0.0,0.0
-0.0,0.0
-0.0,0.0
-0.0,0.0
-0.0,0.0
-0.0,0.0
-0.0,0.0
-0.0,0.0
-0.0,0.0
-0.0,0.0
-0.0,0.0
-0.0,0.0
-0.0,0.0
-0.0,0.0
-0.0,0.0
-0.0,0.0
-0.0,0.0
-0.0,0.0
-0.0,0.0
-0.0,0.0
-0.0,0.0
-0.0,0.0
-0.0,0.0
-0.0,0.0
-0.0,0.0
-0.0,0.0
-0.0,0.0
-0.0,0.0
-0.0,0.0
-0.0,0.0
-0.0,0.0
-0.0,0.0
-0.0,0.0
-0.0,0.0
-0.0,0.0
-0.0,0.0
-0.0,0.0
-0.0,0.0
-0.0,0.0
-0.0,0.0
-0.0,0.0
-0.0,0.0
-0.0,0.0
-0.0,0.0
-0.0,0.0
-0.0,0.0
-0.0,0.0
-0.0,0.0
-0.0,0.0
-0.0,0.0
-0.0,0.0
-0.0,0.0
-0.0,0.0
-0.0,0.0
-0.0,0.0
-0.0,0.0
-0.0,0.0
-0.0,0.0
-0.0,0.0
-0.0,0.0
-0.0,0.0
-0.0,0.0
-0.0,0.0
-0.0,0.0
-0.0,0.0
-0.0,0.0
-0.0,0.0
-0.0,0.0
-0.0,0.0
-0.0,0.0
-0.0,0.0
-0.0,0.0
-0.0,0.0
-0.0,0.0
-0.0,0.0
-0.0,0.0
-0.0,0.0
-0.0,0.0
-0.0,0.0
-0.0,0.0
-0.0,0.0
-0.0,0.0
-0.0,0.0
-0.0,0.0
-0.0,0.0
-0.0,0.0
-0.0,0.0
-0.0,0.0
-0.0,0.0
-0.0,0.0
-0.0,0.0
-0.0,0.0
-0.0,0.0
-0.0,0.0
-0.0,0.0
-0.0,0.0
-0.0,0.0
-0.0,0.0
-0.0,0.0
-0.0,0.0
-0.0,0.0
-0.0,0.0
-0.0,0.0
-0.0,0.0
-0.0,0.0
-0.0,0.0
-0.0,0.0
-0.0,0.0
-0.0,0.0
-0.0,0.0
-0.0,0.0
-0.0,0.0
-0.0,0.0
-0.0,0.0
-0.0,0.0
-0.0,0.0
-0.0,0.0
-0.0,0.0
-0.0,0.0
-0.0,0.0
-0.0,0.0
-0.0,0.0
-0.0,0.0
-0.0,0.0
-0.0,0.0
-0.0,0.0
-0.0,0.0
-0.0,0.0
-0.0,0.0
-0.0,0.0
-0.0,0.0
-0.0,0.0
-0.0,0.0
-0.0,0.0
-0.0,0.0
-0.0,0.0
-0.0,0.0
-0.0,0.0
-0.0,0.0
-0.0,0.0
-0.0,0.0
-0.0,0.0
-0.0,0.0
-0.0,0.0
-0.0,0.0
-0.0,0.0
-0.0,0.0
-0.0,0.0
-0.0,0.0
-0.0,0.0
-0.0,0.0
-0.0,0.0
-0.0,0.0
-0.0,0.0
-0.0,0.0
-0.0,0.0
-0.0,0.0
-0.0,0.0
-0.0,0.0
-0.0,0.0
-0.0,0.0
-0.0,0.0
-0.0,0.0
-0.0,0.0
-0.0,0.0
-0.0,0.0
-0.0,0.0
-0.0,0.0
-0.0,0.0
-0.0,0.0
-0.0,0.0
-0.0,0.0
-0.0,0.0
-0.0,0.0
-0.0,0.0
-0.0,0.0
-0.0,0.0
-0.0,0.0
-0.0,0.0
-0.0,0.0
-0.0,0.0
-0.0,0.0
-0.0,0.0
-0.0,0.0
-0.0,0.0
-0.0,0.0
-0.0,0.0
-0.0,0.0
-0.0,0.0
-0.0,0.0
-0.0,0.0
-0.0,0.0
-0.0,0.0
-0.0,0.0
-0.0,0.0
-0.0,0.0
-0.0,0.0
-0.0,0.0
-0.0,0.0
-0.0,0.0
-0.0,0.0
-0.0,0.0
-0.0,0.0
-0.0,0.0
-0.0,0.0
-0.0,0.0
-0.0,0.0
-0.0,0.0
-0.0,0.0
-0.0,0.0
-0.0,0.0
-0.0,0.0
-0.0,0.0
-0.0,0.0
-0.0,0.0
-0.0,0.0
-0.0,0.0
-0.0,0.0
-0.0,0.0
-0.0,0.0
-0.0,0.0
-0.0,0.0
-0.0,0.0
-0.0,0.0
-0.0,0.0
-0.0,0.0
-0.0,0.0
-0.0,0.0
-0.0,0.0
-0.0,0.0
-0.0,0.0
-0.0,0.0
-0.0,0.0
-0.0,0.0
-0.0,0.0
-0.0,0.0
-0.0,0.0
-0.0,0.0
-0.0,0.0
-0.0,0.0
-0.0,0.0
-0.0,0.0
-0.0,0.0
-0.0,0.0
-0.0,0.0
-0.0,0.0
-0.0,0.0
-0.0,0.0
-0.0,0.0
-0.0,0.0
-0.0,0.0
-0.0,0.0
-0.0,0.0
-0.0,0.0
-0.0,0.0
-0.0,0.0
-0.0,0.0
-0.0,0.0
-0.0,0.0
-0.0,0.0
-0.0,0.0
-0.0,0.0
-0.0,0.0
-0.0,0.0
-0.0,0.0
-0.0,0.0
-0.0,0.0
-0.0,0.0
-0.0,0.0
-0.0,0.0
-0.0,0.0
-0.0,0.0
-0.0,0.0
-0.0,0.0
-0.0,0.0
-0.0,0.0
-0.0,0.0
-0.0,0.0
-0.0,0.0
-0.0,0.0
-0.0,0.0
-0.0,0.0
-0.0,0.0
-0.0,0.0
-0.0,0.0
-0.0,0.0
-0.0,0.0
-0.0,0.0
-0.0,0.0
-0.0,0.0
-0.0,0.0
-0.0,0.0
-0.0,0.0
-0.0,0.0
-0.0,0.0
-0.0,0.0
-0.0,0.0
-0.0,0.0
-0.0,0.0
-0.0,0.0
-0.0,0.0
-0.0,0.0
-0.0,0.0
-0.0,0.0
-0.0,0.0
-0.0,0.0
-0.0,0.0
-0.0,0.0
-0.0,0.0
-0.0,0.0
-0.0,0.0
-0.0,0.0
-0.0,0.0
-0.0,0.0
-0.0,0.0
-0.0,0.0
-0.0,0.0
-0.0,0.0
-0.0,0.0
-0.0,0.0
-0.0,0.0
-0.0,0.0
-0.0,0.0
-0.0,0.0
-0.0,0.0
-0.0,0.0
-0.0,0.0
-0.0,0.0
-0.0,0.0
-0.0,0.0
-0.0,0.0
-0.0,0.0
-0.0,0.0
-0.0,0.0
-0.0,0.0
-0.0,0.0
-0.0,0.0
-0.0,0.0
-0.0,0.0
-0.0,0.0
-0.0,0.0
-0.0,0.0
-0.0,0.0
-0.0,0.0
-0.0,0.0
-0.0,0.0
-0.0,0.0
-0.0,0.0
-0.0,0.0
-0.0,0.0
-0.0,0.0
-0.0,0.0
-0.0,0.0
-0.0,0.0
-0.0,0.0
-0.0,0.0
-0.0,0.0
-0.0,0.0
-0.0,0.0
-0.0,0.0
-0.0,0.0
-0.0,0.0
-0.0,0.0
-0.0,0.0
-0.0,0.0
-0.0,0.0
-0.0,0.0
-0.0,0.0
-0.0,0.0
-0.0,0.0
-0.0,0.0
-0.0,0.0
-0.0,0.0
-0.0,0.0
-0.0,0.0
-0.0,0.0
-0.0,0.0
-0.0,0.0
-0.0,0.0
-0.0,0.0
-0.0,0.0
-0.0,0.0
-0.0,0.0
-0.0,0.0
-0.0,0.0
-0.0,0.0
-0.0,0.0
-0.0,0.0
-0.0,0.0
-0.0,0.0
-0.0,0.0
-0.0,0.0
-0.0,0.0
-0.0,0.0
-0.0,0.0
-0.0,0.0
-0.0,0.0
-0.0,0.0
-0.0,0.0
-0.0,0.0
-0.0,0.0
-0.0,0.0
-0.0,0.0
-0.0,0.0
-0.0,0.0
-0.0,0.0
-0.0,0.0
-0.0,0.0
-0.0,0.0
-0.0,0.0
-0.0,0.0
-0.0,0.0
-0.0,0.0
-0.0,0.0
-0.0,0.0
-0.0,0.0
-0.0,0.0
-0.0,0.0
-0.0,0.0
-0.0,0.0
-0.0,0.0
-0.0,0.0
-0.0,0.0
-0.0,0.0
-0.0,0.0
-0.0,0.0
-0.0,0.0
-0.0,0.0
-0.0,0.0
-0.0,0.0
-0.0,0.0
-0.0,0.0
-0.0,0.0
-0.0,0.0
-0.0,0.0
-0.0,0.0
-0.0,0.0
-0.0,0.0
-0.0,0.0
-0.0,0.0
-0.0,0.0
-0.0,0.0
-0.0,0.0
-0.0,0.0
-0.0,0.0
-0.0,0.0
-0.0,0.0
-0.0,0.0
-0.0,0.0
-0.0,0.0
-0.0,0.0
-0.0,0.0
-0.0,0.0
-0.0,0.0
-0.0,0.0
-0.0,0.0
-0.0,0.0
-0.0,0.0
-0.0,0.0
-0.0,0.0
-0.0,0.0
-0.0,0.0
-0.0,0.0
-0.0,0.0
-0.0,0.0
-0.0,0.0
-0.0,0.0
-0.0,0.0
-0.0,0.0
-0.0,0.0
-0.0,0.0
-0.0,0.0
-0.0,0.0
-0.0,0.0
-0.0,0.0
-0.0,0.0
-0.0,0.0
-0.0,0.0
-0.0,0.0
-0.0,0.0
-0.0,0.0
-0.0,0.0
-0.0,0.0
-0.0,0.0
-0.0,0.0
-0.0,0.0
-0.0,0.0
-0.0,0.0
-0.0,0.0
-0.0,0.0
-0.0,0.0
-0.0,0.0
-0.0,0.0
-0.0,0.0
-0.0,0.0
-0.0,0.0
-0.0,0.0
-0.0,0.0
-0.0,0.0
-0.0,0.0
-0.0,0.0
-0.0,0.0
-0.0,0.0
-0.0,0.0
-0.0,0.0
-0.0,0.0
-0.0,0.0
-0.0,0.0
-0.0,0.0
-0.0,0.0
-0.0,0.0
-0.0,0.0
-0.0,0.0
-0.0,0.0
-0.0,0.0
-0.0,0.0
-0.0,0.0
-0.0,0.0
-0.0,0.0
-0.0,0.0
-0.0,0.0
-0.0,0.0
-0.0,0.0
-0.0,0.0
-0.0,0.0
-0.0,0.0
-0.0,0.0
-0.0,0.0
-0.0,0.0
-0.0,0.0
-0.0,0.0
-0.0,0.0
-0.0,0.0
-0.0,0.0
-0.0,0.0
-0.0,0.0
-0.0,0.0
-0.0,0.0
-0.0,0.0
-0.0,0.0
-0.0,0.0
-0.0,0.0
-0.0,0.0
-0.0,0.0
-0.0,0.0
-0.0,0.0
-0.0,0.0
-0.0,0.0
-0.0,0.0
-0.0,0.0
-0.0,0.0
-0.0,0.0
-0.0,0.0
-0.0,0.0
-0.0,0.0
-0.0,0.0
-0.0,0.0
-0.0,0.0
-0.0,0.0
-0.0,0.0
-0.0,0.0
-0.0,0.0
-0.0,0.0
-0.0,0.0
-0.0,0.0
-0.0,0.0
-0.0,0.0
-0.0,0.0
-0.0,0.0
-0.0,0.0
-0.0,0.0
-0.0,0.0
-0.0,0.0
-0.0,0.0
-0.0,0.0
-0.0,0.0
-0.0,0.0
-0.0,0.0
-0.0,0.0
-0.0,0.0
-0.0,0.0
-0.0,0.0
-0.0,0.0
-0.0,0.0
-0.0,0.0
-0.0,0.0
-0.0,0.0
-0.0,0.0
-0.0,0.0
-0.0,0.0
-0.0,0.0
-0.0,0.0
-0.0,0.0
-0.0,0.0
-0.0,0.0
-0.0,0.0
-0.0,0.0
-0.0,0.0
-0.0,0.0
-0.0,0.0
-0.0,0.0
-0.0,0.0
-0.0,0.0
-0.0,0.0
-0.0,0.0
-0.0,0.0
-0.0,0.0
-0.0,0.0
-0.0,0.0
-0.0,0.0
-0.0,0.0
-0.0,0.0
-0.0,0.0
-0.0,0.0
-0.0,0.0
-0.0,0.0
-0.0,0.0
-0.0,0.0
-0.0,0.0
-0.0,0.0
-0.0,0.0
-0.0,0.0
-0.0,0.0
-0.0,0.0
-0.0,0.0
-0.0,0.0
-0.0,0.0
-0.0,0.0
-0.0,0.0
-0.0,0.0
-0.0,0.0
-0.0,0.0
-0.0,0.0
-0.0,0.0
-0.0,0.0
-0.0,0.0
-0.0,0.0
-0.0,0.0
-0.0,0.0
-0.0,0.0
-0.0,0.0
-0.0,0.0
-0.0,0.0
-0.0,0.0
-0.0,0.0
-0.0,0.0
-0.0,0.0
-0.0,0.0
-0.0,0.0
-0.0,0.0
-0.0,0.0
-0.0,0.0
-0.0,0.0
-0.0,0.0
-0.0,0.0
-0.0,0.0
-0.0,0.0
-0.0,0.0
-0.0,0.0
-0.0,0.0
-0.0,0.0
-0.0,0.0
-0.0,0.0
-0.0,0.0
-0.0,0.0
-0.0,0.0
-0.0,0.0
-0.0,0.0
-0.0,0.0
-0.0,0.0
-0.0,0.0
-0.0,0.0
-0.0,0.0
-0.0,0.0
-0.0,0.0
-0.0,0.0
-0.0,0.0
-0.0,0.0
-0.0,0.0
-0.0,0.0
-0.0,0.0
-0.0,0.0
-0.0,0.0
-0.0,0.0
-0.0,0.0
-0.0,0.0
-0.0,0.0
-0.0,0.0
-0.0,0.0
-0.0,0.0
-0.0,0.0
-0.0,0.0
-0.0,0.0
-0.0,0.0
-0.0,0.0
-0.0,0.0
-0.0,0.0
-0.0,0.0
-0.0,0.0
-0.0,0.0
-0.0,0.0
-0.0,0.0
-0.0,0.0
-0.0,0.0
-0.0,0.0
-0.0,0.0
-0.0,0.0
-0.0,0.0
-0.0,0.0
-0.0,0.0
-0.0,0.0
-0.0,0.0
-0.0,0.0
-0.0,0.0
-0.0,0.0
-0.0,0.0
-0.0,0.0
-0.0,0.0
-0.0,0.0
-0.0,0.0
-0.0,0.0
-0.0,0.0
-0.0,0.0
-0.0,0.0
-0.0,0.0
-0.0,0.0
-0.0,0.0
-0.0,0.0
-0.0,0.0
-0.0,0.0
-0.0,0.0
-0.0,0.0
-0.0,0.0
-0.0,0.0
-0.0,0.0
-0.0,0.0
-0.0,0.0
-0.0,0.0
-0.0,0.0
-0.0,0.0
-0.0,0.0
-0.0,0.0
-0.0,0.0
-0.0,0.0
-0.0,0.0
-0.0,0.0
-0.0,0.0
-0.0,0.0
-0.0,0.0
-0.0,0.0
-0.0,0.0
-0.0,0.0
-0.0,0.0
-0.0,0.0
-0.0,0.0
-0.0,0.0
-0.0,0.0
-0.0,0.0
-0.0,0.0
-0.0,0.0
-0.0,0.0
-0.0,0.0
-0.0,0.0
-0.0,0.0
-0.0,0.0
-0.0,0.0
-0.0,0.0
-0.0,0.0
-0.0,0.0
-0.0,0.0
-0.0,0.0
-0.0,0.0
-0.0,0.0
-0.0,0.0
-0.0,0.0
-0.0,0.0
-0.0,0.0
-0.0,0.0
-0.0,0.0
-0.0,0.0
-0.0,0.0
-0.0,0.0
-0.0,0.0
-0.0,0.0
-0.0,0.0
-0.0,0.0
-0.0,0.0
-0.0,0.0
-0.0,0.0
-0.0,0.0
-0.0,0.0
-0.0,0.0
-0.0,0.0
-0.0,0.0
-0.0,0.0
-0.0,0.0
-0.0,0.0
-0.0,0.0
-0.0,0.0
-0.0,0.0
-0.0,0.0
-0.0,0.0
-0.0,0.0
-0.0,0.0
-0.0,0.0
-0.0,0.0
-0.0,0.0
-0.0,0.0
-0.0,0.0
-0.0,0.0
-0.0,0.0
-0.0,0.0
-0.0,0.0
-0.0,0.0
-0.0,0.0
-0.0,0.0
-0.0,0.0
-0.0,0.0
-0.0,0.0
-0.0,0.0
-0.0,0.0
-0.0,0.0
-0.0,0.0
-0.0,0.0
-0.0,0.0
-0.0,0.0
-0.0,0.0
-0.0,0.0
-0.0,0.0
-0.0,0.0
-0.0,0.0
-0.0,0.0
-0.0,0.0
-0.0,0.0
-0.0,0.0
-0.0,0.0
-0.0,0.0
-0.0,0.0
-0.0,0.0
-0.0,0.0
-0.0,0.0
-0.0,0.0
-0.0,0.0
-0.0,0.0
-0.0,0.0
-0.0,0.0
-0.0,0.0
-0.0,0.0
-0.0,0.0
-0.0,0.0
-0.0,0.0
-0.0,0.0
-0.0,0.0
-0.0,0.0
-0.0,0.0
-0.0,0.0
-0.0,0.0
-0.0,0.0
-0.0,0.0
-0.0,0.0
-0.0,0.0
-0.0,0.0
-0.0,0.0
-0.0,0.0
-0.0,0.0
-0.0,0.0
-0.0,0.0
-0.0,0.0
-0.0,0.0
-0.0,0.0
-0.0,0.0
-0.0,0.0
-0.0,0.0
-0.0,0.0
-0.0,0.0
-0.0,0.0
-0.0,0.0
-0.0,0.0
-0.0,0.0
-0.0,0.0
-0.0,0.0
-0.0,0.0
-0.0,0.0
-0.0,0.0
-0.0,0.0
-0.0,0.0
-0.0,0.0
-0.0,0.0
-0.0,0.0
-0.0,0.0
-0.0,0.0
-0.0,0.0
-0.0,0.0
-0.0,0.0
-0.0,0.0
-0.0,0.0
-0.0,0.0
-0.0,0.0
-0.0,0.0
-0.0,0.0
-0.0,0.0
-0.0,0.0
-0.0,0.0
-0.0,0.0
-0.0,0.0
-0.0,0.0
-0.0,0.0
-0.0,0.0
-0.0,0.0
-0.0,0.0
-0.0,0.0
-0.0,0.0
-0.0,0.0
-0.0,0.0
-0.0,0.0
-0.0,0.0
-0.0,0.0
-0.0,0.0
-0.0,0.0
-0.0,0.0
-0.0,0.0
-0.0,0.0
-0.0,0.0
-0.0,0.0
-0.0,0.0
-0.0,0.0
-0.0,0.0
-0.0,0.0
-0.0,0.0
-0.0,0.0
-0.0,0.0
-0.0,0.0
-0.0,0.0
-0.0,0.0
-0.0,0.0
-0.0,0.0
-0.0,0.0
-0.0,0.0
-0.0,0.0
-0.0,0.0
-0.0,0.0
-0.0,0.0
-0.0,0.0
-0.0,0.0
-0.0,0.0
-0.0,0.0
-0.0,0.0
-0.0,0.0
-0.0,0.0
-0.0,0.0
-0.0,0.0
-0.0,0.0
-0.0,0.0
-0.0,0.0
-0.0,0.0
-0.0,0.0
-0.0,0.0
-0.0,0.0
-0.0,0.0
-0.0,0.0
-0.0,0.0
-0.0,0.0
-0.0,0.0
-0.0,0.0
-0.0,0.0
-0.0,0.0
-0.0,0.0
-0.0,0.0
-0.0,0.0
-0.0,0.0
-0.0,0.0
-0.0,0.0
-0.0,0.0
-0.0,0.0
-0.0,0.0
-0.0,0.0
-0.0,0.0
-0.0,0.0
-0.0,0.0
-0.0,0.0
-0.0,0.0
-0.0,0.0
-0.0,0.0
-0.0,0.0
-0.0,0.0
-0.0,0.0
-0.0,0.0
-0.0,0.0
-0.0,0.0
-0.0,0.0
-0.0,0.0
-0.0,0.0
-0.0,0.0
-0.0,0.0
-0.0,0.0
-0.0,0.0
-0.0,0.0
-0.0,0.0
-0.0,0.0
-0.0,0.0
-0.0,0.0
-0.0,0.0
-0.0,0.0
-0.0,0.0
-0.0,0.0
-0.0,0.0
-0.0,0.0
-0.0,0.0
-0.0,0.0
-0.0,0.0
-0.0,0.0
-0.0,0.0
-0.0,0.0
-0.0,0.0
-0.0,0.0
-0.0,0.0
-0.0,0.0
-0.0,0.0
-0.0,0.0
-0.0,0.0
-0.0,0.0
-0.0,0.0
-0.0,0.0
-0.0,0.0
-0.0,0.0
-0.0,0.0
-0.0,0.0
-0.0,0.0
-0.0,0.0
-0.0,0.0
-0.0,0.0
-0.0,0.0
-0.0,0.0
-0.0,0.0
-0.0,0.0
-0.0,0.0
-0.0,0.0
-0.0,0.0
-0.0,0.0
-0.0,0.0
-0.0,0.0
-0.0,0.0
-0.0,0.0
-0.0,0.0
-0.0,0.0
-0.0,0.0
-0.0,0.0
-0.0,0.0
-0.0,0.0
-0.0,0.0
-0.0,0.0
-0.0,0.0
-0.0,0.0
-0.0,0.0
-0.0,0.0
-0.0,0.0
-0.0,0.0
-0.0,0.0
-0.0,0.0
-0.0,0.0
-0.0,0.0
-0.0,0.0
-0.0,0.0
-0.0,0.0
-0.0,0.0
-0.0,0.0
-0.0,0.0
-0.0,0.0
-0.0,0.0
-0.0,0.0
-0.0,0.0
-0.0,0.0
-0.0,0.0
-0.0,0.0
-0.0,0.0
-0.0,0.0
-0.0,0.0
-0.0,0.0
-0.0,0.0
-0.0,0.0
-0.0,0.0
-0.0,0.0
-0.0,0.0
-0.0,0.0
-0.0,0.0
-0.0,0.0
-0.0,0.0
-0.0,0.0
-0.0,0.0
-0.0,0.0
-0.0,0.0
-0.0,0.0
-0.0,0.0
-0.0,0.0
-0.0,0.0
-0.0,0.0
-0.0,0.0
-0.0,0.0
-0.0,0.0
-0.0,0.0
-0.0,0.0
-0.0,0.0
-0.0,0.0
-0.0,0.0
-0.0,0.0
-0.0,0.0
-0.0,0.0
-0.0,0.0
-0.0,0.0
-0.0,0.0
-0.0,0.0
-0.0,0.0
-0.0,0.0
-0.0,0.0
-0.0,0.0
-0.0,0.0
-0.0,0.0
-0.0,0.0
-0.0,0.0
-0.0,0.0
-0.0,0.0
-0.0,0.0
-0.0,0.0
-0.0,0.0
-0.0,0.0
-0.0,0.0
-0.0,0.0
-0.0,0.0
-0.0,0.0
-0.0,0.0
-0.0,0.0
-0.0,0.0
-0.0,0.0
-0.0,0.0
-0.0,0.0
-0.0,0.0
-0.0,0.0
-0.0,0.0
-0.0,0.0
-0.0,0.0
-0.0,0.0
-0.0,0.0
-0.0,0.0
-0.0,0.0
-0.0,0.0
-0.0,0.0
-0.0,0.0
-0.0,0.0
-0.0,0.0
-0.0,0.0
-0.0,0.0
-0.0,0.0
-0.0,0.0
-0.0,0.0
-0.0,0.0
-0.0,0.0
-0.0,0.0
-0.0,0.0
-0.0,0.0
-0.0,0.0
-0.0,0.0
-0.0,0.0
-0.0,0.0
-0.0,0.0
-0.0,0.0
-0.0,0.0
-0.0,0.0
-0.0,0.0
-0.0,0.0
-0.0,0.0
-0.0,0.0
-0.0,0.0
-0.0,0.0
-0.0,0.0
-0.0,0.0
-0.0,0.0
-0.0,0.0
-0.0,0.0
-0.0,0.0
-0.0,0.0
-0.0,0.0
-0.0,0.0
-0.0,0.0
-0.0,0.0
-0.0,0.0
-0.0,0.0
-0.0,0.0
-0.0,0.0
-0.0,0.0
-0.0,0.0
-0.0,0.0
-0.0,0.0
-0.0,0.0
-0.0,0.0
-0.0,0.0
-0.0,0.0
-0.0,0.0
-0.0,0.0
-0.0,0.0
-0.0,0.0
-0.0,0.0
-0.0,0.0
-0.0,0.0
-0.0,0.0
-0.0,0.0
-0.0,0.0
-0.0,0.0
-0.0,0.0
-0.0,0.0
-0.0,0.0
-0.0,0.0
-0.0,0.0
-0.0,0.0
-0.0,0.0
-0.0,0.0
-0.0,0.0
-0.0,0.0
-0.0,0.0
-0.0,0.0
-0.0,0.0
-0.0,0.0
-0.0,0.0
-0.0,0.0
-0.0,0.0
-0.0,0.0
-0.0,0.0
-0.0,0.0
-0.0,0.0
-0.0,0.0
-0.0,0.0
-0.0,0.0
-0.0,0.0
-0.0,0.0
-0.0,0.0
-0.0,0.0
-0.0,0.0
-0.0,0.0
-0.0,0.0
-0.0,0.0
-0.0,0.0
-0.0,0.0
-0.0,0.0
-0.0,0.0
-0.0,0.0
-0.0,0.0
-0.0,0.0
-0.0,0.0
-0.0,0.0
-0.0,0.0
-0.0,0.0
-0.0,0.0
-0.0,0.0
-0.0,0.0
-0.0,0.0
-0.0,0.0
-0.0,0.0
-0.0,0.0
-0.0,0.0
-0.0,0.0
-0.0,0.0
-0.0,0.0
-0.0,0.0
-0.0,0.0
-0.0,0.0
-0.0,0.0
-0.0,0.0
-0.0,0.0
-0.0,0.0
-0.0,0.0
-0.0,0.0
-0.0,0.0
-0.0,0.0
-0.0,0.0
-0.0,0.0
-0.0,0.0
-0.0,0.0
-0.0,0.0
-0.0,0.0
-0.0,0.0
-0.0,0.0
-0.0,0.0
-0.0,0.0
-0.0,0.0
-0.0,0.0
-0.0,0.0
-0.0,0.0
-0.0,0.0
-0.0,0.0
-0.0,0.0
-0.0,0.0
-0.0,0.0
-0.0,0.0
-0.0,0.0
-0.0,0.0
-0.0,0.0
-0.0,0.0
-0.0,0.0
-0.0,0.0
-0.0,0.0
-0.0,0.0
-0.0,0.0
-0.0,0.0
-0.0,0.0
-0.0,0.0
-0.0,0.0
-0.0,0.0
-0.0,0.0
-0.0,0.0
-0.0,0.0
-0.0,0.0
-0.0,0.0
-0.0,0.0
-0.0,0.0
-0.0,0.0
-0.0,0.0
-0.0,0.0
-0.0,0.0
-0.0,0.0
-0.0,0.0
-0.0,0.0
-0.0,0.0
-0.0,0.0
-0.0,0.0
-0.0,0.0
-0.0,0.0
-0.0,0.0
-0.0,0.0
-0.0,0.0
-0.0,0.0
-0.0,0.0
-0.0,0.0
-0.0,0.0
-0.0,0.0
-0.0,0.0
-0.0,0.0
-0.0,0.0
-0.0,0.0
-0.0,0.0
-0.0,0.0
-0.0,0.0
-0.0,0.0
-0.0,0.0
-0.0,0.0
-0.0,0.0
-0.0,0.0
-0.0,0.0
-0.0,0.0
-0.0,0.0
-0.0,0.0
-0.0,0.0
-0.0,0.0
-0.0,0.0
-0.0,0.0
-0.0,0.0
-0.0,0.0
-0.0,0.0
-0.0,0.0
-0.0,0.0
-0.0,0.0
-0.0,0.0
-0.0,0.0
-0.0,0.0
-0.0,0.0
-0.0,0.0
-0.0,0.0
-0.0,0.0
-0.0,0.0
-0.0,0.0
-0.0,0.0
-0.0,0.0
-0.0,0.0
-0.0,0.0
-0.0,0.0
-0.0,0.0
-0.0,0.0
-0.0,0.0
-0.0,0.0
-0.0,0.0
-0.0,0.0
-0.0,0.0
-0.0,0.0
-0.0,0.0
-0.0,0.0
-0.0,0.0
-0.0,0.0
-0.0,0.0
-0.0,0.0
-0.0,0.0
-0.0,0.0
-0.0,0.0
-0.0,0.0
-0.0,0.0
-0.0,0.0
-0.0,0.0
-0.0,0.0
-0.0,0.0
-0.0,0.0
-0.0,0.0
-0.0,0.0
-0.0,0.0
-0.0,0.0
-0.0,0.0
-0.0,0.0
-0.0,0.0
-0.0,0.0
-0.0,0.0
-0.0,0.0
-0.0,0.0
-0.0,0.0
-0.0,0.0
-0.0,0.0
-0.0,0.0
-0.0,0.0
-0.0,0.0
-0.0,0.0
-0.0,0.0
-0.0,0.0
-0.0,0.0
-0.0,0.0
-0.0,0.0
-0.0,0.0
-0.0,0.0
-0.0,0.0
-0.0,0.0
-0.0,0.0
-0.0,0.0
-0.0,0.0
-0.0,0.0
-0.0,0.0
-0.0,0.0
-0.0,0.0
-0.0,0.0
-0.0,0.0
-0.0,0.0
-0.0,0.0
-0.0,0.0
-0.0,0.0
-0.0,0.0
-0.0,0.0
-0.0,0.0
-0.0,0.0
-0.0,0.0
-0.0,0.0
-0.0,0.0
-0.0,0.0
-0.0,0.0
-0.0,0.0
-0.0,0.0
-0.0,0.0
-0.0,0.0
-0.0,0.0
-0.0,0.0
-0.0,0.0
-0.0,0.0
-0.0,0.0
-0.0,0.0
-0.0,0.0
-0.0,0.0
-0.0,0.0
-0.0,0.0
-0.0,0.0
-0.0,0.0
-0.0,0.0
-0.0,0.0
-0.0,0.0
-0.0,0.0
-0.0,0.0
-0.0,0.0
-0.0,0.0
-0.0,0.0
-0.0,0.0
-0.0,0.0
-0.0,0.0
-0.0,0.0
-0.0,0.0
-0.0,0.0
-0.0,0.0
-0.0,0.0
-0.0,0.0
-0.0,0.0
-0.0,0.0
-0.0,0.0
-0.0,0.0
-0.0,0.0
-0.0,0.0
-0.0,0.0
-0.0,0.0
-0.0,0.0
-0.0,0.0
-0.0,0.0
-0.0,0.0
-0.0,0.0
-0.0,0.0
-0.0,0.0
-0.0,0.0
-0.0,0.0
-0.0,0.0
-0.0,0.0
-0.0,0.0
-0.0,0.0
-0.0,0.0
-0.0,0.0
-0.0,0.0
-0.0,0.0
-0.0,0.0
-0.0,0.0
-0.0,0.0
-0.0,0.0
-0.0,0.0
-0.0,0.0
-0.0,0.0
-0.0,0.0
-0.0,0.0
-0.0,0.0
-0.0,0.0
-0.0,0.0
-0.0,0.0
-0.0,0.0
-0.0,0.0
-0.0,0.0
-0.0,0.0
-0.0,0.0
-0.0,0.0
-0.0,0.0
-0.0,0.0
-0.0,0.0
-0.0,0.0
-0.0,0.0
-0.0,0.0
-0.0,0.0
-0.0,0.0
-0.0,0.0
-0.0,0.0
-0.0,0.0
-0.0,0.0
-0.0,0.0
-0.0,0.0
-0.0,0.0
-0.0,0.0
-0.0,0.0
-0.0,0.0
-0.0,0.0
-0.0,0.0
-0.0,0.0
-0.0,0.0
-0.0,0.0
-0.0,0.0
-0.0,0.0
-0.0,0.0
-0.0,0.0
-0.0,0.0
-0.0,0.0
-0.0,0.0
-0.0,0.0
-0.0,0.0
-0.0,0.0
-0.0,0.0
-0.0,0.0
-0.0,0.0
-0.0,0.0
-0.0,0.0
-0.0,0.0
-0.0,0.0
-0.0,0.0
-0.0,0.0
-0.0,0.0
-0.0,0.0
-0.0,0.0
-0.0,0.0
-0.0,0.0
-0.0,0.0
-0.0,0.0
-0.0,0.0
-0.0,0.0
-0.0,0.0
-0.0,0.0
-0.0,0.0
-0.0,0.0
-0.0,0.0
-0.0,0.0
-0.0,0.0
-0.0,0.0
-0.0,0.0
-0.0,0.0
-0.0,0.0
-0.0,0.0
-0.0,0.0
-0.0,0.0
-0.0,0.0
-0.0,0.0
-0.0,0.0
-0.0,0.0
-0.0,0.0
-0.0,0.0
-0.0,0.0
-0.0,0.0
-0.0,0.0
-0.0,0.0
-0.0,0.0
-0.0,0.0
-0.0,0.0
-0.0,0.0
-0.0,0.0
-0.0,0.0
-0.0,0.0
-0.0,0.0
-0.0,0.0
-0.0,0.0
-0.0,0.0
-0.0,0.0
-0.0,0.0
-0.0,0.0
-0.0,0.0
-0.0,0.0
-0.0,0.0
-0.0,0.0
-0.0,0.0
-0.0,0.0
-0.0,0.0
-0.0,0.0
-0.0,0.0
-0.0,0.0
-0.0,0.0
-0.0,0.0
-0.0,0.0
-0.0,0.0
-0.0,0.0
-0.0,0.0
-0.0,0.0
-0.0,0.0
-0.0,0.0
-0.0,0.0
-0.0,0.0
-0.0,0.0
-0.0,0.0
-0.0,0.0
-0.0,0.0
-0.0,0.0
-0.0,0.0
-0.0,0.0
-0.0,0.0
-0.0,0.0
-0.0,0.0
-0.0,0.0
-0.0,0.0
-0.0,0.0
-0.0,0.0
-0.0,0.0
-0.0,0.0
-0.0,0.0
-0.0,0.0
-0.0,0.0
-0.0,0.0
-0.0,0.0
-0.0,0.0
-0.0,0.0
-0.0,0.0
-0.0,0.0
-0.0,0.0
-0.0,0.0
-0.0,0.0
-0.0,0.0
-0.0,0.0
-0.0,0.0
-0.0,0.0
-0.0,0.0
-0.0,0.0
-0.0,0.0
-0.0,0.0
-0.0,0.0
-0.0,0.0
-0.0,0.0
-0.0,0.0
-0.0,0.0
-0.0,0.0
-0.0,0.0
-0.0,0.0
-0.0,0.0
-0.0,0.0
-0.0,0.0
-0.0,0.0
-0.0,0.0
-0.0,0.0
-0.0,0.0
-0.0,0.0
-0.0,0.0
-0.0,0.0
-0.0,0.0
-0.0,0.0
-0.0,0.0
-0.0,0.0
-0.0,0.0
-0.0,0.0
-0.0,0.0
-0.0,0.0
-0.0,0.0
-0.0,0.0
-0.0,0.0
-0.0,0.0
-0.0,0.0
-0.0,0.0
-0.0,0.0
-0.0,0.0
-0.0,0.0
-0.0,0.0
-0.0,0.0
-0.0,0.0
-0.0,0.0
-0.0,0.0
-0.0,0.0
-0.0,0.0
-0.0,0.0
-0.0,0.0
-0.0,0.0
-0.0,0.0
-0.0,0.0
-0.0,0.0
-0.0,0.0
-0.0,0.0
-0.0,0.0
-0.0,0.0
-0.0,0.0
-0.0,0.0
-0.0,0.0
-0.0,0.0
-0.0,0.0
-0.0,0.0
-0.0,0.0
-0.0,0.0
-0.0,0.0
-0.0,0.0
-0.0,0.0
-0.0,0.0
-0.0,0.0
-0.0,0.0
-0.0,0.0
-0.0,0.0
-0.0,0.0
-0.0,0.0
-0.0,0.0
-0.0,0.0
-0.0,0.0
-0.0,0.0
-0.0,0.0
-0.0,0.0
-0.0,0.0
-0.0,0.0
-0.0,0.0
-0.0,0.0
-0.0,0.0
-0.0,0.0
-0.0,0.0
-0.0,0.0
-0.0,0.0
-0.0,0.0
-0.0,0.0
-0.0,0.0
-0.0,0.0
-0.0,0.0
-0.0,0.0
-0.0,0.0
-0.0,0.0
-0.0,0.0
-0.0,0.0
-0.0,0.0
-0.0,0.0
-0.0,0.0
-0.0,0.0
-0.0,0.0
-0.0,0.0
-0.0,0.0
-0.0,0.0
-0.0,0.0
-0.0,0.0
-0.0,0.0
-0.0,0.0
-0.0,0.0
-0.0,0.0
-0.0,0.0
-0.0,0.0
-0.0,0.0
-0.0,0.0
-0.0,0.0
-0.0,0.0
-0.0,0.0
-0.0,0.0
-0.0,0.0
-0.0,0.0
-0.0,0.0
-0.0,0.0
-0.0,0.0
-0.0,0.0
-0.0,0.0
-0.0,0.0
-0.0,0.0
-0.0,0.0
-0.0,0.0
-0.0,0.0
-0.0,0.0
-0.0,0.0
-0.0,0.0
-0.0,0.0
-0.0,0.0
-0.0,0.0
-0.0,0.0
-0.0,0.0
-0.0,0.0
-0.0,0.0
-0.0,0.0
-0.0,0.0
-0.0,0.0
-0.0,0.0
-0.0,0.0
-0.0,0.0
-0.0,0.0
-0.0,0.0
-0.0,0.0
-0.0,0.0
-0.0,0.0
-0.0,0.0
-0.0,0.0
-0.0,0.0
-0.0,0.0
-0.0,0.0
-0.0,0.0
-0.0,0.0
-0.0,0.0
-0.0,0.0
-0.0,0.0
-0.0,0.0
-0.0,0.0
-0.0,0.0
-0.0,0.0
-0.0,0.0
-0.0,0.0
-0.0,0.0
-0.0,0.0
-0.0,0.0
-0.0,0.0
-0.0,0.0
-0.0,0.0
-0.0,0.0
-0.0,0.0
-0.0,0.0
-0.0,0.0
-0.0,0.0
-0.0,0.0
-0.0,0.0
-0.0,0.0
-0.0,0.0
-0.0,0.0
-0.0,0.0
-0.0,0.0
-0.0,0.0
-0.0,0.0
-0.0,0.0
-0.0,0.0
-0.0,0.0
-0.0,0.0
-0.0,0.0
-0.0,0.0
-0.0,0.0
-0.0,0.0
-0.0,0.0
-0.0,0.0
-0.0,0.0
-0.0,0.0
-0.0,0.0
-0.0,0.0
-0.0,0.0
-0.0,0.0
-0.0,0.0
-0.0,0.0
-0.0,0.0
-0.0,0.0
-0.0,0.0
-0.0,0.0
-0.0,0.0
-0.0,0.0
-0.0,0.0
-0.0,0.0
-0.0,0.0
-0.0,0.0
-0.0,0.0
-0.0,0.0
-0.0,0.0
-0.0,0.0
-0.0,0.0
-0.0,0.0
-0.0,0.0
-0.0,0.0
-0.0,0.0
-0.0,0.0
-0.0,0.0
-0.0,0.0
-0.0,0.0
-0.0,0.0
-0.0,0.0
-0.0,0.0
-0.0,0.0
-0.0,0.0
-0.0,0.0
-0.0,0.0
-0.0,0.0
-0.0,0.0
-0.0,0.0
-0.0,0.0
-0.0,0.0
-0.0,0.0
-0.0,0.0
-0.0,0.0
-0.0,0.0
-0.0,0.0
-0.0,0.0
-0.0,0.0
-0.0,0.0
-0.0,0.0
-0.0,0.0
-0.0,0.0
-0.0,0.0
-0.0,0.0
-0.0,0.0
-0.0,0.0
-0.0,0.0
-0.0,0.0
-0.0,0.0
-0.0,0.0
-0.0,0.0
-0.0,0.0
-0.0,0.0
-0.0,0.0
-0.0,0.0
-0.0,0.0
-0.0,0.0
-0.0,0.0
-0.0,0.0
-0.0,0.0
-0.0,0.0
-0.0,0.0
-0.0,0.0
-0.0,0.0
-0.0,0.0
-0.0,0.0
-0.0,0.0
-0.0,0.0
-0.0,0.0
-0.0,0.0
-0.0,0.0
-0.0,0.0
-0.0,0.0
-0.0,0.0
-0.0,0.0
-0.0,0.0
-0.0,0.0
-0.0,0.0
-0.0,0.0
-0.0,0.0
-0.0,0.0
-0.0,0.0
-0.0,0.0
-0.0,0.0
-0.0,0.0
-0.0,0.0
-0.0,0.0
-0.0,0.0
-0.0,0.0
-0.0,0.0
-0.0,0.0
-0.0,0.0
-0.0,0.0
-0.0,0.0
-0.0,0.0
-0.0,0.0
-0.0,0.0
-0.0,0.0
-0.0,0.0
-0.0,0.0
-0.0,0.0
-0.0,0.0
-0.0,0.0
-0.0,0.0
-0.0,0.0
-0.0,0.0
-0.0,0.0
-0.0,0.0
-0.0,0.0
-0.0,0.0
-0.0,0.0
-0.0,0.0
-0.0,0.0
-0.0,0.0
-0.0,0.0
-0.0,0.0
-0.0,0.0
-0.0,0.0
-0.0,0.0
-0.0,0.0
-0.0,0.0
-0.0,0.0
-0.0,0.0
-0.0,0.0
-0.0,0.0
-0.0,0.0
-0.0,0.0
-0.0,0.0
-0.0,0.0
-0.0,0.0
-0.0,0.0
-0.0,0.0
-0.0,0.0
-0.0,0.0
-0.0,0.0
-0.0,0.0
-0.0,0.0
-0.0,0.0
-0.0,0.0
-0.0,0.0
-0.0,0.0
-0.0,0.0
-0.0,0.0
-0.0,0.0
-0.0,0.0
-0.0,0.0
-0.0,0.0
-0.0,0.0
-0.0,0.0
-0.0,0.0
-0.0,0.0
-0.0,0.0
-0.0,0.0
-0.0,0.0
-0.0,0.0
-0.0,0.0
-0.0,0.0
-0.0,0.0
-0.0,0.0
-0.0,0.0
-0.0,0.0
-0.0,0.0
-0.0,0.0
-0.0,0.0
-0.0,0.0
-0.0,0.0
-0.0,0.0
-0.0,0.0
-0.0,0.0
-0.0,0.0
-0.0,0.0
-0.0,0.0
-0.0,0.0
-0.0,0.0
-0.0,0.0
-0.0,0.0
-0.0,0.0
-0.0,0.0
-0.0,0.0
-0.0,0.0
-0.0,0.0
-0.0,0.0
-0.0,0.0
-0.0,0.0
-0.0,0.0
-0.0,0.0
-0.0,0.0
-0.0,0.0
-0.0,0.0
-0.0,0.0
-0.0,0.0
-0.0,0.0
-0.0,0.0
-0.0,0.0
-0.0,0.0
-0.0,0.0
-0.0,0.0
-0.0,0.0
-0.0,0.0
-0.0,0.0
-0.0,0.0
-0.0,0.0
-0.0,0.0
-0.0,0.0
-0.0,0.0
-0.0,0.0
-0.0,0.0
-0.0,0.0
-0.0,0.0
-0.0,0.0
-0.0,0.0
-0.0,0.0
-0.0,0.0
-0.0,0.0
-0.0,0.0
-0.0,0.0
-0.0,0.0
-0.0,0.0
-0.0,0.0
-0.0,0.0
-0.0,0.0
-0.0,0.0
-0.0,0.0
-0.0,0.0
-0.0,0.0
-0.0,0.0
-0.0,0.0
-0.0,0.0
-0.0,0.0
-0.0,0.0
-0.0,0.0
-0.0,0.0
-0.0,0.0
-0.0,0.0
-0.0,0.0
-0.0,0.0
-0.0,0.0
-0.0,0.0
-0.0,0.0
-0.0,0.0
-0.0,0.0
-0.0,0.0
-0.0,0.0
-0.0,0.0
-0.0,0.0
-0.0,0.0
-0.0,0.0
-0.0,0.0
-0.0,0.0
-0.0,0.0
-0.0,0.0
-0.0,0.0
-0.0,0.0
-0.0,0.0
-0.0,0.0
-0.0,0.0
-0.0,0.0
-0.0,0.0
-0.0,0.0
-0.0,0.0
-0.0,0.0
-0.0,0.0
-0.0,0.0
-0.0,0.0
-0.0,0.0
-0.0,0.0
-0.0,0.0
-0.0,0.0
-0.0,0.0
-0.0,0.0
-0.0,0.0
-0.0,0.0
-0.0,0.0
-0.0,0.0
-0.0,0.0
-0.0,0.0
-0.0,0.0
-0.0,0.0
-0.0,0.0
-0.0,0.0
-0.0,0.0
-0.0,0.0
-0.0,0.0
-0.0,0.0
-0.0,0.0
-0.0,0.0
-0.0,0.0
-0.0,0.0
-0.0,0.0
-0.0,0.0
-0.0,0.0
-0.0,0.0
-0.0,0.0
-0.0,0.0
-0.0,0.0
-0.0,0.0
-0.0,0.0
-0.0,0.0
-0.0,0.0
-0.0,0.0
-0.0,0.0
-0.0,0.0
-0.0,0.0
-0.0,0.0
-0.0,0.0
-0.0,0.0
-0.0,0.0
-0.0,0.0
-0.0,0.0
-0.0,0.0
-0.0,0.0
-0.0,0.0
-0.0,0.0
-0.0,0.0
-0.0,0.0
-0.0,0.0
-0.0,0.0
-0.0,0.0
-0.0,0.0
-0.0,0.0
-0.0,0.0
-0.0,0.0
-0.0,0.0
-0.0,0.0
-0.0,0.0
-0.0,0.0
-0.0,0.0
-0.0,0.0
-0.0,0.0
-0.0,0.0
-0.0,0.0
-0.0,0.0
-0.0,0.0
-0.0,0.0
-0.0,0.0
-0.0,0.0
-0.0,0.0
-0.0,0.0
-0.0,0.0
-0.0,0.0
-0.0,0.0
-0.0,0.0
-0.0,0.0
-0.0,0.0
-0.0,0.0
-0.0,0.0
-0.0,0.0
-0.0,0.0
-0.0,0.0
-0.0,0.0
-0.0,0.0
-0.0,0.0
-0.0,0.0
-0.0,0.0
-0.0,0.0
-0.0,0.0
-0.0,0.0
-0.0,0.0
-0.0,0.0
-0.0,0.0
-0.0,0.0
-0.0,0.0
-0.0,0.0
-0.0,0.0
-0.0,0.0
-0.0,0.0
-0.0,0.0
-0.0,0.0
-0.0,0.0
-0.0,0.0
-0.0,0.0
-0.0,0.0
-0.0,0.0
-0.0,0.0
-0.0,0.0
-0.0,0.0
-0.0,0.0
-0.0,0.0
-0.0,0.0
-0.0,0.0
-0.0,0.0
-0.0,0.0
-0.0,0.0
-0.0,0.0
-0.0,0.0
-0.0,0.0
-0.0,0.0
-0.0,0.0
-0.0,0.0
-0.0,0.0
-0.0,0.0
-0.0,0.0
-0.0,0.0
-0.0,0.0
-0.0,0.0
-0.0,0.0
-0.0,0.0
-0.0,0.0
-0.0,0.0
-0.0,0.0
-0.0,0.0
-0.0,0.0
-0.0,0.0
-0.0,0.0
-0.0,0.0
-0.0,0.0
-0.0,0.0
-0.0,0.0
-0.0,0.0
-0.0,0.0
-0.0,0.0
-0.0,0.0
-0.0,0.0
-0.0,0.0
-0.0,0.0
-0.0,0.0
-0.0,0.0
-0.0,0.0
-0.0,0.0
-0.0,0.0
-0.0,0.0
-0.0,0.0
-0.0,0.0
-0.0,0.0
-0.0,0.0
-0.0,0.0
-0.0,0.0
-0.0,0.0
-0.0,0.0
-0.0,0.0
-0.0,0.0
-0.0,0.0
-0.0,0.0
-0.0,0.0
-0.0,0.0
-0.0,0.0
-0.0,0.0
-0.0,0.0
-0.0,0.0
-0.0,0.0
-0.0,0.0
-0.0,0.0
-0.0,0.0
-0.0,0.0
-0.0,0.0
-0.0,0.0
-0.0,0.0
-0.0,0.0
-0.0,0.0
-0.0,0.0
-0.0,0.0
-0.0,0.0
-0.0,0.0
-0.0,0.0
-0.0,0.0
-0.0,0.0
-0.0,0.0
-0.0,0.0
-0.0,0.0
-0.0,0.0
-0.0,0.0
-0.0,0.0
-0.0,0.0
-0.0,0.0
-0.0,0.0
-0.0,0.0
-0.0,0.0
-0.0,0.0
-0.0,0.0
-0.0,0.0
-0.0,0.0
-0.0,0.0
-0.0,0.0
-0.0,0.0
-0.0,0.0
-0.0,0.0
-0.0,0.0
-0.0,0.0
-0.0,0.0
-0.0,0.0
-0.0,0.0
-0.0,0.0
-0.0,0.0
-0.0,0.0
-0.0,0.0
-0.0,0.0
-0.0,0.0
-0.0,0.0
-0.0,0.0
-0.0,0.0
-0.0,0.0
-0.0,0.0
-0.0,0.0
-0.0,0.0
-0.0,0.0
-0.0,0.0
-0.0,0.0
-0.0,0.0
-0.0,0.0
-0.0,0.0
-0.0,0.0
-0.0,0.0
-0.0,0.0
-0.0,0.0
-0.0,0.0
-0.0,0.0
-0.0,0.0
-0.0,0.0
-0.0,0.0
-0.0,0.0
-0.0,0.0
-0.0,0.0
-0.0,0.0
-0.0,0.0
-0.0,0.0
-0.0,0.0
-0.0,0.0
-0.0,0.0
-0.0,0.0
-0.0,0.0
-0.0,0.0
-0.0,0.0
-0.0,0.0
-0.0,0.0
-0.0,0.0
-0.0,0.0
-0.0,0.0
-0.0,0.0
-0.0,0.0
-0.0,0.0
-0.0,0.0
-0.0,0.0
-0.0,0.0
-0.0,0.0
-0.0,0.0
-0.0,0.0
-0.0,0.0
-0.0,0.0
-0.0,0.0
-0.0,0.0
-0.0,0.0
-0.0,0.0
-0.0,0.0
-0.0,0.0
-0.0,0.0
-0.0,0.0
-0.0,0.0
-0.0,0.0
-0.0,0.0
-0.0,0.0
-0.0,0.0
-0.0,0.0
-0.0,0.0
-0.0,0.0
-0.0,0.0
-0.0,0.0
-0.0,0.0
-0.0,0.0
-0.0,0.0
-0.0,0.0
-0.0,0.0
-0.0,0.0
-0.0,0.0
-0.0,0.0
-0.0,0.0
-0.0,0.0
-0.0,0.0
-0.0,0.0
-0.0,0.0
-0.0,0.0
-0.0,0.0
-0.0,0.0
-0.0,0.0
-0.0,0.0
-0.0,0.0
-0.0,0.0
-0.0,0.0
-0.0,0.0
-0.0,0.0
-0.0,0.0
-0.0,0.0
-0.0,0.0
-0.0,0.0
-0.0,0.0
-0.0,0.0
-0.0,0.0
-0.0,0.0
-0.0,0.0
-0.0,0.0
-0.0,0.0
-0.0,0.0
-0.0,0.0
-0.0,0.0
-0.0,0.0
-0.0,0.0
-0.0,0.0
-0.0,0.0
-0.0,0.0
-0.0,0.0
-0.0,0.0
-0.0,0.0
-0.0,0.0
-0.0,0.0
-0.0,0.0
-0.0,0.0
-0.0,0.0
-0.0,0.0
-0.0,0.0
-0.0,0.0
-0.0,0.0
-0.0,0.0
-0.0,0.0
-0.0,0.0
-0.0,0.0
-0.0,0.0
-0.0,0.0
-0.0,0.0
-0.0,0.0
-0.0,0.0
-0.0,0.0
-0.0,0.0
-0.0,0.0
-0.0,0.0
-0.0,0.0
-0.0,0.0
-0.0,0.0
-0.0,0.0
-0.0,0.0
-0.0,0.0
-0.0,0.0
-0.0,0.0
-0.0,0.0
-0.0,0.0
-0.0,0.0
-0.0,0.0
-0.0,0.0
-0.0,0.0
-0.0,0.0
-0.0,0.0
-0.0,0.0
-0.0,0.0
-0.0,0.0
-0.0,0.0
-0.0,0.0
-0.0,0.0
-0.0,0.0
-0.0,0.0
-0.0,0.0
-0.0,0.0
-0.0,0.0
-0.0,0.0
-0.0,0.0
-0.0,0.0
-0.0,0.0
-0.0,0.0
-0.0,0.0
-0.0,0.0
-0.0,0.0
-0.0,0.0
-0.0,0.0
-0.0,0.0
-0.0,0.0
-0.0,0.0
-0.0,0.0
-0.0,0.0
-0.0,0.0
-0.0,0.0
-0.0,0.0
-0.0,0.0
-0.0,0.0
-0.0,0.0
-0.0,0.0
-0.0,0.0
-0.0,0.0
-0.0,0.0
-0.0,0.0
-0.0,0.0
-0.0,0.0
-0.0,0.0
-0.0,0.0
-0.0,0.0
-0.0,0.0
-0.0,0.0
-0.0,0.0
-0.0,0.0
-0.0,0.0
-0.0,0.0
-0.0,0.0
-0.0,0.0
-0.0,0.0
-0.0,0.0
-0.0,0.0
-0.0,0.0
-0.0,0.0
-0.0,0.0
-0.0,0.0
-0.0,0.0
-0.0,0.0
-0.0,0.0
-0.0,0.0
-0.0,0.0
-0.0,0.0
-0.0,0.0
-0.0,0.0
-0.0,0.0
-0.0,0.0
-0.0,0.0
-0.0,0.0
-0.0,0.0
-0.0,0.0
-0.0,0.0
-0.0,0.0
-0.0,0.0
-0.0,0.0
-0.0,0.0
-0.0,0.0
-0.0,0.0
-0.0,0.0
-0.0,0.0
-0.0,0.0
-0.0,0.0
-0.0,0.0
-0.0,0.0
-0.0,0.0
-0.0,0.0
-0.0,0.0
-0.0,0.0
-0.0,0.0
-0.0,0.0
-0.0,0.0
-0.0,0.0
-0.0,0.0
-0.0,0.0
-0.0,0.0
-0.0,0.0
-0.0,0.0
-0.0,0.0
-0.0,0.0
-0.0,0.0
-0.0,0.0
-0.0,0.0
-0.0,0.0
-0.0,0.0
-0.0,0.0
-0.0,0.0
-0.0,0.0
-0.0,0.0
-0.0,0.0
-0.0,0.0
-0.0,0.0
-0.0,0.0
-0.0,0.0
-0.0,0.0
-0.0,0.0
-0.0,0.0
-0.0,0.0
-0.0,0.0
-0.0,0.0
-0.0,0.0
-0.0,0.0
-0.0,0.0
-0.0,0.0
-0.0,0.0
-0.0,0.0
-0.0,0.0
-0.0,0.0
-0.0,0.0
-0.0,0.0
-0.0,0.0
-0.0,0.0
-0.0,0.0
-0.0,0.0
-0.0,0.0
-0.0,0.0
-0.0,0.0
-0.0,0.0
-0.0,0.0
-0.0,0.0
-0.0,0.0
-0.0,0.0
-0.0,0.0
-0.0,0.0
-0.0,0.0
-0.0,0.0
-0.0,0.0
-0.0,0.0
-0.0,0.0
-0.0,0.0
-0.0,0.0
-0.0,0.0
-0.0,0.0
-0.0,0.0
-0.0,0.0
-0.0,0.0
-0.0,0.0
-0.0,0.0
-0.0,0.0
-0.0,0.0
-0.0,0.0
-0.0,0.0
-0.0,0.0
-0.0,0.0
-0.0,0.0
-0.0,0.0
-0.0,0.0
-0.0,0.0
-0.0,0.0
-0.0,0.0
-0.0,0.0
-0.0,0.0
-0.0,0.0
-0.0,0.0
-0.0,0.0
-0.0,0.0
-0.0,0.0
-0.0,0.0
-0.0,0.0
-0.0,0.0
-0.0,0.0
-0.0,0.0
-0.0,0.0
-0.0,0.0
-0.0,0.0
-0.0,0.0
-0.0,0.0
-0.0,0.0
-0.0,0.0
-0.0,0.0
-0.0,0.0
-0.0,0.0
-0.0,0.0
-0.0,0.0
-0.0,0.0
-0.0,0.0
-0.0,0.0
-0.0,0.0
-0.0,0.0
-0.0,0.0
-0.0,0.0
-0.0,0.0
-0.0,0.0
-0.0,0.0
-0.0,0.0
-0.0,0.0
-0.0,0.0
-0.0,0.0
-0.0,0.0
-0.0,0.0
-0.0,0.0
-0.0,0.0
-0.0,0.0
-0.0,0.0
-0.0,0.0
-0.0,0.0
-0.0,0.0
-0.0,0.0
-0.0,0.0
-0.0,0.0
-0.0,0.0
-0.0,0.0
-0.0,0.0
-0.0,0.0
-0.0,0.0
-0.0,0.0
-0.0,0.0
-0.0,0.0
-0.0,0.0
-0.0,0.0
-0.0,0.0
-0.0,0.0
-0.0,0.0
-0.0,0.0
-0.0,0.0
-0.0,0.0
-0.0,0.0
-0.0,0.0
-0.0,0.0
-0.0,0.0
-0.0,0.0
-0.0,0.0
-0.0,0.0
-0.0,0.0
-0.0,0.0
-0.0,0.0
-0.0,0.0
-0.0,0.0
-0.0,0.0
-0.0,0.0
-0.0,0.0
-0.0,0.0
-0.0,0.0
-0.0,0.0
-0.0,0.0
-0.0,0.0
-0.0,0.0
-0.0,0.0
-0.0,0.0
-0.0,0.0
-0.0,0.0
-0.0,0.0
-0.0,0.0
-0.0,0.0
-0.0,0.0
-0.0,0.0
-0.0,0.0
-0.0,0.0
-0.0,0.0
-0.0,0.0
-0.0,0.0
-0.0,0.0
-0.0,0.0
-0.0,0.0
-0.0,0.0
-0.0,0.0
-0.0,0.0
-0.0,0.0
-0.0,0.0
-0.0,0.0
-0.0,0.0
-0.0,0.0
-0.0,0.0
-0.0,0.0
-0.0,0.0
-0.0,0.0
-0.0,0.0
-0.0,0.0
-0.0,0.0
-0.0,0.0
-0.0,0.0
-0.0,0.0
-0.0,0.0
-0.0,0.0
-0.0,0.0
-0.0,0.0
-0.0,0.0
-0.0,0.0
-0.0,0.0
-0.0,0.0
-0.0,0.0
-0.0,0.0
-0.0,0.0
-0.0,0.0
-0.0,0.0
-0.0,0.0
-0.0,0.0
-0.0,0.0
-0.0,0.0
-0.0,0.0
-0.0,0.0
-0.0,0.0
-0.0,0.0
-0.0,0.0
-0.0,0.0
-0.0,0.0
-0.0,0.0
-0.0,0.0
-0.0,0.0
-0.0,0.0
-0.0,0.0
-0.0,0.0
-0.0,0.0
-0.0,0.0
-0.0,0.0
-0.0,0.0
-0.0,0.0
-0.0,0.0
-0.0,0.0
-0.0,0.0
-0.0,0.0
-0.0,0.0
-0.0,0.0
-0.0,0.0
-0.0,0.0
-0.0,0.0
-0.0,0.0
-0.0,0.0
-0.0,0.0
-0.0,0.0
-0.0,0.0
-0.0,0.0
-0.0,0.0
-0.0,0.0
-0.0,0.0
-0.0,0.0
-0.0,0.0
-0.0,0.0
-0.0,0.0
-0.0,0.0
-0.0,0.0
-0.0,0.0
-0.0,0.0
-0.0,0.0
-0.0,0.0
-0.0,0.0
-0.0,0.0
-0.0,0.0
-0.0,0.0
-0.0,0.0
-0.0,0.0
-0.0,0.0
-0.0,0.0
-0.0,0.0
-0.0,0.0
-0.0,0.0
-0.0,0.0
-0.0,0.0
-0.0,0.0
-0.0,0.0
-0.0,0.0
-0.0,0.0
-0.0,0.0
-0.0,0.0
-0.0,0.0
-0.0,0.0
-0.0,0.0
-0.0,0.0
-0.0,0.0
-0.0,0.0
-0.0,0.0
-0.0,0.0
-0.0,0.0
-0.0,0.0
-0.0,0.0
-0.0,0.0
-0.0,0.0
-0.0,0.0
-0.0,0.0
-0.0,0.0
-0.0,0.0
-0.0,0.0
-0.0,0.0
-0.0,0.0
-0.0,0.0
-0.0,0.0
-0.0,0.0
-0.0,0.0
-0.0,0.0
-0.0,0.0
-0.0,0.0
